Coin ID,Coin Name,Address,Network,binance→bitget,binance→htx,binance→kucoin,binance→okx,bitget→binance,bitget→htx,bitget→kucoin,bitget→okx,htx→binance,htx→bitget,htx→kucoin,htx→okx,kucoin→binance,kucoin→bitget,kucoin→htx,kucoin→okx,okx→binance,okx→bitget,okx→htx,okx→kucoin
0,SCR,0xd29687c813d741e2f938f4ac377128810e217b1b,SCR-Scroll,0.2,0.2,0.2,0.5,0.2,0.2,0.2,0.5,0.2,0.2,0.26,0.5,0.2,0.2,0.26,0.5,0.5,0.5,0.5,0.5
2,WLD,0xdc6ff44d5d932cbd77b52e5612ba0529dc6226f1,WLD-Optimism,0.045,—,0.045,0.022,0.045,—,0.11933175,0.022,—,—,—,—,0.045,0.11933175,—,0.022,0.022,0.022,—,0.022
5,BCH,BCH_BCH,BCH,0.0002,—,—,—,0.0002,—,—,—,—,—,—,—,—,—,—,—,—,—,—,—
6,AI,0xbda011d7f8ec00f66c1923b049b94c67d148d8b2,BSC,0.14,—,—,—,0.14,—,—,—,—,—,—,—,—,—,—,—,—,—,—,—
7,JST,TCFLL5dx5ZJdKnWuesXxi1VPwjLVmWZZy9,TRX,50.0,50.0,50.0,—,50.0,10.0,10.0,—,50.0,10.0,5.0,—,50.0,10.0,5.0,—,—,—,—,—
9,SEI,SEI_SEIEVM,SEIEVM,0.04,—,—,—,0.04,—,—,—,—,—,—,—,—,—,—,—,—,—,—,—
10,BB,BB_BB,BB,0.05,—,—,—,0.05,—,—,—,—,—,—,—,—,—,—,—,—,—,—,—
11,A,core.vaulta,A-Vaulta,0.08,0.08,—,0.08,0.08,0.08,—,0.08,0.08,0.08,—,0.08,—,—,—,—,0.08,0.08,0.08,—
12,C,0xba12bc7b210e61e5d3110b997a63ea216e0e18f7,BASE,1.9,—,1.9,—,1.9,—,8.98311175,—,—,—,—,—,1.9,8.98311175,—,—,—,—,—,—
13,JTO,jtojtomepa8beP8AuQc6eXt5FriJwfFMwQx2v2f9mCL,JTO-Solana,0.36,0.36,0.36,1.25362068,0.36,0.96618358,0.96618358,1.25362068,0.36,0.96618358,1.8439,1.25362068,0.36,0.96618358,1.8439,1.25362068,1.25362068,1.25362068,1.25362068,1.25362068
14,D,0x8fb238058e71f828f505582e65b1d14f8cf52067,BSC,0.52,—,0.52,—,0.52,—,7.22891567,—,—,—,—,—,0.52,7.22891567,—,—,—,—,—,—
15,FLM,0xf0151f528127558851b39c2cd8aa47da7418ab28,FLM-N3,2.9,—,—,1.0,2.9,—,—,1.0,—,—,—,—,—,—,—,—,1.0,1.0,—,—
16,F,0x2c24497d4086490e7ead87cc12597fb50c2e6ed6,BASE,25.0,—,25.0,—,25.0,—,65.54368487,—,—,—,—,—,25.0,65.54368487,—,—,—,—,—,—
17,G,0x9c7beba8f6ef6643abd725e45a4e8387ef260649,BSC,—,—,1.48,—,—,—,—,—,—,—,—,—,1.48,—,—,—,—,—,—,—
18,S,S_SONIC,SONIC,0.004,—,—,—,0.004,—,—,—,—,—,—,—,—,—,—,—,—,—,—,—
19,W,85VBFQZC9TZkfaptBWjvUw7YbZjy52A6mjtPGjstQAmQ,W-Solana,8.05,8.05,8.05,18.11710963,8.05,14.958864,14.958864,18.11710963,8.05,14.958864,27.8465,18.11710963,8.05,14.958864,27.8465,18.11710963,18.11710963,18.11710963,18.11710963,18.11710963
20,SFP,0xd41fdb03ba84762dd66a0af1a6c8540ff1ba5dfb,BSC,0.094,—,0.094,—,0.094,—,0.43165468,—,—,—,—,—,0.094,0.43165468,—,—,—,—,—,—
23,JUP,JUPyiwrYJFskUPiHa7hkeR8VUtAeFoSYbKedZNsDvCN,JUP-Solana,1.31,1.31,1.31,3.97684594,1.31,2.41838,2.41838,3.97684594,1.31,2.41838,4.6058,3.97684594,1.31,2.41838,4.6058,3.97684594,3.97684594,3.97684594,3.97684594,3.97684594
24,BEL,0x8443f091997f06a61670b735ed92734f5628692f,BSC,0.16,—,—,—,0.16,—,—,—,—,—,—,—,—,—,—,—,—,—,—,—
25,JUV,0x454038003a93cf44766af352f74bad6b745616d0,CHZ2,0.0,—,—,—,0.0,—,—,—,—,—,—,—,—,—,—,—,—,—,—,—
26,WOO,0x4691937a7508860f876c9c0a2a617e7d9e945d4b,WOO-ERC20,0.23,0.23,0.23,15.02,0.23,3.86199795,3.86199795,15.02,0.23,3.86199795,98.897494,15.02,0.23,3.86199795,98.897494,15.02,15.02,15.02,15.02,15.02
27,BABYDOGE,0xc748673057861a797275cd8a068abb95a902e8de,BABYDOGE-BSC,13.0,13.0,13.0,0.0,13.0,151362260.3430878,151362260.3430878,0.0,13.0,151362260.3430878,3193478500.0,0.0,13.0,151362260.3430878,3193478500.0,0.0,0.0,0.0,0.0,0.0
30,FLOKI,0xfb5b838b6cfeedc2873ab27866079ac55363d37e,FLOKI-BSC,169.0,—,169.0,10000.0,169.0,—,2136.44779946,10000.0,—,—,56103.822,—,169.0,2136.44779946,56103.822,10000.0,10000.0,10000.0,—,10000.0
32,AVNT,0x696f9436b67233384889472cd7cd58a6fb5df4f1,AVNT-Base,1.0,—,1.0,1.0,1.0,—,1.53791736,1.0,—,—,—,—,1.0,1.53791736,—,1.0,1.0,1.0,—,1.0
34,TUSD,0x40af3827f39d0eacbf4a168f8d4ee67c121d11c9,BSC,0.017,0.8,0.8,—,0.017,4.0,0.0,—,0.8,4.0,1.0,—,0.8,0.0,1.0,—,—,—,—,—
35,COOKIE,0xc0041ef357b183448b235a8ea73ce4e4ec8c265f,BSC,0.13,—,0.13,—,0.13,—,1.78104964,—,—,—,—,—,0.13,1.78104964,—,—,—,—,—,—
36,MUBARAK,0x5c85d6c6825ab4032337f11ee92a72df936b46f6,BSC,0.53,—,0.53,—,0.53,—,7.09891151,—,—,—,—,—,0.53,7.09891151,—,—,—,—,—,—
39,BIO,bioJ9JTqW62MLz7UKHU69gtKhPpGi1BQhccj2kmSvUJ,SOL,3.65,—,—,—,3.65,—,—,—,—,—,—,—,—,—,—,—,—,—,—,—
41,FLOW,FLOW_FLOW,FLOW,0.0001,—,—,—,0.0001,—,—,—,—,—,—,—,—,—,—,—,—,—,—,—
42,SLP,0xa8754b9fa15fc18bb59458815510e40a12cd2014,RON,2.0,—,—,—,2.0,—,—,—,—,—,—,—,—,—,—,—,—,—,—,—
43,TURTLE,0x66fd8de541c0594b4dccdfc13bf3a390e50d3afd,BSC,—,—,0.25,—,—,—,—,—,—,—,—,—,0.25,—,—,—,—,—,—,—
44,NXPC,0x5e0e90e268bc247cc850c789a0db0d5c7621fb59,AVAXC,0.21,—,0.022,—,0.21,—,0.44,—,—,—,—,—,0.022,0.44,—,—,—,—,—,—
45,ID,0x2dff88a56767223a5529ea5960da7a3f5f766406,BSC,0.11,—,0.11,—,0.11,—,1.40449439,—,—,—,—,—,0.11,1.40449439,—,—,—,—,—,—
46,IO,BZLbGTNCSFfoth2GYDtwr7e4imWzpR5jqcUuGEwr646K,SOL,1.03,1.03,1.03,—,1.03,3.08641976,3.08641976,—,1.03,3.08641976,5.8498,—,1.03,3.08641976,5.8498,—,—,—,—,—
48,DOT,DOT_DOT,DOT,0.08,—,—,—,0.08,—,—,—,—,—,—,—,—,—,—,—,—,—,—,—
49,1INCH,0x111111111117dc0aa78b770fa6a738034120c302,1INCH-ERC20,—,0.19,0.19,3.47,—,—,—,—,0.19,—,23.077756,3.47,0.19,—,23.077756,3.47,3.47,—,3.47,3.47
51,MAV,0x7448c7456a97769f6cd04f1e83a4a23ccdc46abd,ARBITRUM,—,—,3.93,—,—,—,—,—,—,—,—,—,3.93,—,—,—,—,—,—,—
53,ATOM,ATOM_ATOM,ATOM,0.02,—,—,—,0.02,—,—,—,—,—,—,—,—,—,—,—,—,—,—,—
54,QUICK,0xb5c064f955d8e7f38fe0460c556a72987494ee17,MATIC,0.27,0.27,0.27,—,0.27,162.25,162.25,—,0.27,162.25,0.5313,—,0.27,162.25,0.5313,—,—,—,—,—
55,PENDLE,0x0c880f6761f1af8d9aa9c466984b80dab9a8c9e8,ARBITRUM,0.039,—,0.039,—,0.039,—,0.06209252,—,—,—,—,—,0.039,0.06209252,—,—,—,—,—,—
56,MBL,e5a49d7fd57e7178e189d3965d1ee64368a1036d,ONT,4.9,4.9,4.9,—,4.9,58.05516,58.05516,—,4.9,58.05516,13.0,—,4.9,58.05516,13.0,—,—,—,—,—
60,BMT,FQgtfugBdpFN7PZ6NdPrZpVLDBrPGxXesi4gVu3vErhY,SOL,18.0,18.0,0.24,—,18.0,24.54590084,24.54590084,—,18.0,24.54590084,47.525,—,0.24,24.54590084,47.525,—,—,—,—,—
61,ROSE,ROSE_ROSE,ROSE,0.1,—,—,—,0.1,—,—,—,—,—,—,—,—,—,—,—,—,—,—,—
62,SOL,SOL_SOL,SOL,0.001,—,—,—,0.001,—,—,—,—,—,—,—,—,—,—,—,—,—,—,—
66,CGPT,0x9840652dc04fb9db2c43853633f0f62be6f00f98,BSC,0.61,—,0.61,—,0.61,—,2.84900285,—,—,—,—,—,0.61,2.84900285,—,—,—,—,—,—
69,CELO,0x471ece3750da237f93b8e339c536989b8978a438,CELO-CELO-TOKEN,0.003,—,—,0.0,0.003,—,—,0.0,—,—,—,—,—,—,—,—,0.0,0.0,—,—
71,LAYER,LAYER4xPpTCb3QL8S9u41EAhAX7mhBn8Q6xMTwY2Yzc,LAYER-Solana,2.83,2.83,2.83,5.3202439,2.83,3.73552485,3.73552485,5.3202439,2.83,3.73552485,6.9687,5.3202439,2.83,3.73552485,6.9687,5.3202439,5.3202439,5.3202439,5.3202439,5.3202439
72,MANTA,0x95cef13441be50d20ca4558cc0a27b601ac544e5,MANTA,0.15,—,0.15,—,0.15,—,2.81690141,—,—,—,—,—,0.15,2.81690141,—,—,—,—,—,—
73,CETUS,0x06864a6f921804860930db6ddbe2e16acdf8504495ea7481637a1c8b9a8fe54b::cetus::CETUS,SUI,—,0.5,0.5,—,—,—,—,—,0.5,—,0.3,—,0.5,—,0.3,—,—,—,—,—
76,SPK,0xaff2e841851700d1fc101995ee6b81ae21bb87d7,BSC,0.24,—,0.24,—,0.24,—,4.09466875,—,—,—,—,—,0.24,4.09466875,—,—,—,—,—,—
77,ME,MEFNBXixkEbait3xn9bkm8WsJzXtVsaJEn4c8Sam21u,ME-Solana,1.67,1.67,1.67,2.38523783,1.67,2.232642,2.232642,2.38523783,1.67,2.232642,4.1061,2.38523783,1.67,2.232642,4.1061,2.38523783,2.38523783,2.38523783,2.38523783,2.38523783
81,TRUMP,6p6xgHyF7AeE6TZkSmFsko444wqoP15icUSqi2jfGiPN,TRUMP-Solana,0.092,0.092,0.092,0.074,0.092,0.118751,0.118751,0.074,0.092,0.118751,0.2588,0.074,0.092,0.118751,0.2588,0.074,0.074,0.074,0.074,0.074
83,FLUX,0xaff9084f2374585879e8b434c399e29e80cce635,BSC,0.084,—,—,—,0.084,—,—,—,—,—,—,—,—,—,—,—,—,—,—,—
84,OG,0x19ca0f4adb29e2130a56b9c9422150b5dc07f294,CHZ2,0.0,—,—,—,0.0,—,—,—,—,—,—,—,—,—,—,—,—,—,—,—
86,ETHW,ETHW_ETHW,ETHW,0.004,—,—,—,0.004,—,—,—,—,—,—,—,—,—,—,—,—,—,—,—
88,OP,0x4200000000000000000000000000000000000042,OP-Optimism,0.088,0.088,0.088,0.1,0.088,0.1,0.1,0.1,0.088,0.1,1.5,0.1,0.088,0.1,1.5,0.1,0.1,0.1,0.1,0.1
89,ARPA,0x6f769e65c14ebd1f68817f5f1dcdb61cfa2d6f7e,BSC,0.75,—,—,—,0.75,—,—,—,—,—,—,—,—,—,—,—,—,—,—,—
90,STG,0x6694340fc020c5e6b96567843da2df01b2ce1eb6,ARBITRUM,1.26,—,—,—,1.26,—,—,—,—,—,—,—,—,—,—,—,—,—,—,—
93,KDA,KDA_KDA,KDA,0.0,—,—,—,0.0,—,—,—,—,—,—,—,—,—,—,—,—,—,—,—
94,STO,0xdaf1695c41327b61b9b9965ac6a5843a3198cf07,BSC,0.2,—,0.2,—,0.2,—,0.94732854,—,—,—,—,—,0.2,0.94732854,—,—,—,—,—,—
96,QI,0x8729438eb15e2c8b576fcc6aecda6a148776c0f5,AVAXC,—,—,13.0,—,—,—,—,—,—,—,—,—,13.0,—,—,—,—,—,—,—
97,MBOX,0x3203c9e46ca618c8c1ce5dc67e7e9d75f5da2377,BSC,0.29,0.29,—,—,0.29,3.15126051,—,—,0.29,3.15126051,—,—,—,—,—,—,—,—,—,—
98,IOST,0xaf48b7e315a52518cfbf7d96c455d9dfad94cb48,BSC,14.0,—,—,—,14.0,—,—,—,—,—,—,—,—,—,—,—,—,—,—,—
101,CAKE,0x0e09fabb73bd3ade0a17ecc321fd13a19e81ce82,BSC,0.013,0.013,0.013,—,0.013,0.05852517,0.05852517,—,0.013,0.05852517,0.22913502,—,0.013,0.05852517,0.22913502,—,—,—,—,—
102,SUN,TSSMHYeV2uE9qYH95DqyoCuNCzEL1NvU3S,TRX,6.0,6.0,6.0,—,6.0,222.71714923,222.71714923,—,6.0,222.71714923,2.93,—,6.0,222.71714923,2.93,—,—,—,—,—
103,ZBT,0xfab99fcf605fd8f4593edb70a43ba56542777777,BSC,0.17,—,0.17,—,0.17,—,0.74586048,—,—,—,—,—,0.17,0.74586048,—,—,—,—,—,—
104,BTC,0x7130d2a12b9bcbfae4f2634d864a1ee1ce3ead9c,BSC,1.5e-07,—,—,—,1.5e-07,—,—,—,—,—,—,—,—,—,—,—,—,—,—,—
106,AIXBT,0x4f9fd6be4a90f2620860d680c0d4d5fb53d1a825,BASE,3.56,—,3.56,—,3.56,—,13.75326641,—,—,—,—,—,3.56,13.75326641,—,—,—,—,—,—
109,RENDER,rndrizKT3MK1iimdxRdWabcF7Zg7AR5T4nud4EkHBof,RENDER-Solana,0.32,0.32,0.32,0.90835513,0.32,0.42698549,0.42698549,0.90835513,0.32,0.42698549,0.8035,0.90835513,0.32,0.42698549,0.8035,0.90835513,0.90835513,0.90835513,0.90835513,0.90835513
110,ONG,0200000000000000000000000000000000000000,ONT,0.1,—,—,—,0.1,—,—,—,—,—,—,—,—,—,—,—,—,—,—,—
112,ALGO,ALGO_ALGO,ALGO,0.008,—,—,—,0.008,—,—,—,—,—,—,—,—,—,—,—,—,—,—,—
114,ONT,0100000000000000000000000000000000000000,ONT,1.0,—,1.0,—,1.0,—,1.0,—,—,—,—,—,1.0,1.0,—,—,—,—,—,—
117,HYPER,0xc9d23ed2adb0f551369946bd377f8644ce1ca5c4,ARBITRUM,0.67,—,0.67,—,0.67,—,0.81477458,—,—,—,—,—,0.67,0.81477458,—,—,—,—,—,—
118,WLFI,WLFinEv6ypjkczcS83FZqFpgFZYwQXutRbxGe7oC16g,WLFI-Solana,—,—,0.23,10.0,—,—,—,—,—,—,—,20.0,0.23,—,—,10.0,10.0,—,20.0,10.0
119,DODO,0x67ee3cb086f8a16f34bee3ca72fad36f7db929e2,BSC,1.08,—,—,—,1.08,—,—,—,—,—,—,—,—,—,—,—,—,—,—,—
120,ICP,ICP_ICP,ICP,0.0003,—,—,—,0.0003,—,—,—,—,—,—,—,—,—,—,—,—,—,—,—
123,ICX,ICX_ICX,ICX,0.02,—,—,—,0.02,—,—,—,—,—,—,—,—,—,—,—,—,—,—,—
124,KMNO,KMNo3nJsBXfcpJTVhZcXLW7RmTwTt4GVFE7suUBo9sS,KMNO-Solana,11.0,—,11.0,15.89867004,11.0,—,15.01501502,15.89867004,—,—,—,—,11.0,15.01501502,—,15.89867004,15.89867004,15.89867004,—,15.89867004
125,XAI,0x4cb9a7ae498cedcbb5eae9f25736ae7d428c9d66,ARBITRUM,7.6,—,7.6,—,7.6,—,8.23045268,—,—,—,—,—,7.6,8.23045268,—,—,—,—,—,—
126,ZEN,0xf43eb8de897fbc7f2502483b2bef7bb9ea179229,BASE,0.031,—,0.031,—,0.031,—,0.00792017,—,—,—,—,—,0.031,0.00792017,—,—,—,—,—,—
128,DOGE,DOGE_DOGE,DOGE,4.0,—,—,—,4.0,—,—,—,—,—,—,—,—,—,—,—,—,—,—,—
130,HBAR,HBAR_HBAR,HBAR,0.06,—,—,—,0.06,—,—,—,—,—,—,—,—,—,—,—,—,—,—,—
131,SXT,0xa2c22252cdc8b7cddee1b0b2e242818509fcf7b8,BASE,—,—,5.1,—,—,—,—,—,—,—,—,—,5.1,—,—,—,—,—,—,—
132,DOGS,EQCvxJy4eG8hyHBFsZ7eePxrRsUQSFE_jpptRAYBmcG_DOGS,DOGS-TON,100.0,—,100.0,50.0,100.0,—,9293.6802974,50.0,—,—,—,—,100.0,9293.6802974,—,50.0,50.0,50.0,—,50.0
133,CTSI,0x8da443f84fea710266c8eb6bc34b71702d033ef2,BSC,—,—,0.2,—,—,—,—,—,—,—,78.716231,—,0.2,—,78.716231,—,—,—,—,—
134,LINEA,0x1789e0043623282d5dcc7f213d703c6d8bafbb04,LINEA-Linea,6.0,—,6.0,10.0,6.0,—,29.43340692,10.0,—,—,—,—,6.0,29.43340692,—,10.0,10.0,10.0,—,10.0
136,SHELL,0xf2c88757f8d03634671208935974b60a2a28bdb3,BSC,0.13,—,0.13,—,0.13,—,1.31694469,—,—,—,—,—,0.13,1.31694469,—,—,—,—,—,—
137,C98,0xaec945e04baf28b135fa7c640f624f8d90f1c3a6,BSC,0.92,—,0.92,—,0.92,—,4.30292599,—,—,—,109.8032,—,0.92,4.30292599,109.8032,—,—,—,—,—
140,SYS,SYS_SYS,SYS,1.0,—,—,—,1.0,—,—,—,—,—,—,—,—,—,—,—,—,—,—,—
141,GAS,0xd2a4cff31913016155e38e474a2c06d08be276cf,GAS-N3,0.05,—,0.05,0.1,0.05,—,0.05,0.1,—,—,—,—,0.05,0.05,—,0.1,0.1,0.1,—,0.1
142,BOME,ukHH6c7mMyiWCf1b9pnWe25TSpkDDt3H5pQZgZ74J82,BOME-Solana,353.0,353.0,353.0,1163.36002888,353.0,987.1668312,987.1668312,1163.36002888,353.0,987.1668312,1864.2934,1163.36002888,353.0,987.1668312,1864.2934,1163.36002888,1163.36002888,1163.36002888,1163.36002888,1163.36002888
146,BONK,DezXAZ8z7PnrnRJjz3wXBoRgixCa6xjnB7YaB1pPB263,BONK-Solana,53448.0,53448.0,53448.0,108038.64181271,53448.0,71123.75534,71123.75534,108038.64181271,53448.0,71123.75534,135671.03,108038.64181271,53448.0,71123.75534,135671.03,108038.64181271,108038.64181271,108038.64181271,108038.64181271,108038.64181271
148,NEWT,0xb8a677e6d805c8d743e6f14c8bc9c19305b5defc,BSC,0.057,—,—,—,0.057,—,—,—,—,—,—,—,—,—,—,—,—,—,—,—
149,HMSTR,EQAJ8uWd7EBqsmpSWaRdf_I-8R8-XHwh3gsNKhy-UrdrPcUo,HMSTR-TON,161.0,—,161.0,30.0,161.0,—,1258.49484018,30.0,—,—,—,—,161.0,1258.49484018,—,30.0,30.0,30.0,—,30.0
152,ZIL,ZIL_ZIL,ZIL,1.0,—,—,—,1.0,—,—,—,—,—,—,—,—,—,—,—,—,—,—,—
154,ZK,0x5a7d6b2f92c77fad6ccabd7ee0624e64907eaf3e,ZKSYNCERA,0.1,0.1,0.1,—,0.1,32.0615582,32.0615582,—,0.1,32.0615582,1.2,—,0.1,32.0615582,1.2,—,—,—,—,—
155,ZKC,0x15247e6e23d3923a853ccf15940a20ccdf16e94a,BSC,—,—,0.15,—,—,—,—,—,—,—,—,—,0.15,—,—,—,—,—,—,—
157,HUMA,HUMA1821qVDKta3u2ovmfDQeW2fSQouSKE8fkF44wvGw,HUMA-Solana,1.26,—,21.0,48.60000004,1.26,—,38.714673,48.60000004,—,—,—,—,21.0,38.714673,—,48.60000004,48.60000004,48.60000004,—,48.60000004
158,PROM,0xaf53d56ff99f1322515e54fdde93ff8b3b7dafd5,BSC,0.0018,0.0018,—,—,0.0018,0.01466276,—,—,0.0018,0.01466276,0.40757219,—,—,—,0.40757219,—,—,—,—,—
159,CATI,EQD-cvR0Nz6XAyRBvbhz-abTrRC6sI5tvHvvpeQraV9UAAD7,CATI-TON,0.82,—,0.82,0.04,0.82,—,6.34276291,0.04,—,—,—,—,0.82,6.34276291,—,0.04,0.04,0.04,—,0.04
160,PORTO,0x49f2145d6366099e13b10fbf80646c0f377ee7f6,BSC,0.015,—,—,—,0.015,—,—,—,—,—,—,—,—,—,—,—,—,—,—,—
162,DOLO,0x0f81001ef0a83ecce5ccebf63eb302c70a39a654,ARBITRUM,2.3,—,2.3,—,2.3,—,12.20703125,—,—,—,—,—,2.3,12.20703125,—,—,—,—,—,—
164,TAO,TAO_TAO,TAO,0.0003,—,—,—,0.0003,—,—,—,—,—,—,—,—,—,—,—,—,—,—,—
165,MORPHO,0xbaa5cc21fd487b8fcc2f632f3f4e8d37262a0842,BASE,0.2,—,—,—,0.2,—,—,—,—,—,—,—,—,—,—,—,—,—,—,—
166,MTL,0xbcfc435d8f276585f6431fc1b9ee9a850b5c00a9,MTL,0.1,0.1,0.1,—,0.1,2.15982722,2.15982722,—,0.1,2.15982722,0.2,—,0.1,2.15982722,0.2,—,—,—,—,—
167,VET,VET_VET,VET,3.0,—,—,—,3.0,—,—,—,—,—,—,—,—,—,—,—,—,—,—,—
168,USDT,0x357b0b74bc833e95a115ad22604854d6b0fca151cecd94111770e5d6ffc9dc2b,USDT-Aptos,0.0,0.03,0.0,0.03,0.0,0.11,0.0,0.03,0.03,0.11,0.21,0.0001,0.0,0.0,0.21,0.03,0.03,0.03,0.0001,0.03
171,EDU,0xbdeae1ca48894a1759a8374d63925f21f2ee2639,BSC,—,—,0.18,—,—,—,—,—,—,—,—,—,0.18,—,—,—,—,—,—,—
173,USD1,0x8d0d000ee44948fc98c9b98a4fa4921476f08b0d,BSC,0.0,0.0,0.0,—,0.0,0.0,0.0,—,0.0,0.0,0.4997,—,0.0,0.0,0.4997,—,—,—,—,—
174,USDE,0x5d3a1ff2b6bab83b63cd9ad0787074081a52ef34,BSC,1.0,—,—,—,1.0,—,—,—,—,—,—,—,—,—,—,—,—,—,—,—
175,TREE,0x77146784315ba81904d654466968e3a7c196d1f3,BSC,—,—,2.6e-05,—,—,—,—,—,—,—,—,—,2.6e-05,—,—,—,—,—,—,—
176,USDC,0x29219dd400f2bf60e5a23d13be72b486d4038894,SONIC,0.01,0.01,0.01,—,0.01,0.0,0.0,—,0.01,0.0,0.01,—,0.01,0.0,0.01,—,—,—,—,—
179,1000SATS,sats,ORDIBTC,—,100000.0,100000.0,—,—,—,—,—,100000.0,—,1203508400.0,—,100000.0,—,1203508400.0,—,—,—,—,—
181,SUPER,0x51ba0b044d96c3abfca52b64d733603ccc4f0d4d,BSC,—,—,0.027,—,—,—,—,—,—,—,10.246882,—,0.027,—,10.246882,—,—,—,—,—
183,ANIME,0x37a645648df29205c6261289983fb04ecd70b4b3,ANIME-Arbitrum One,21.0,—,21.0,0.79433076,21.0,—,22.39641658,0.79433076,—,—,—,—,21.0,22.39641658,—,0.79433076,0.79433076,0.79433076,—,0.79433076
185,MOVE,MOVE_MOVE,MOVE,1.0,—,—,—,1.0,—,—,—,—,—,—,—,—,—,—,—,—,—,—,—
186,MOVR,MOVR_MOVR,MOVR,0.003,—,—,—,0.003,—,—,—,—,—,—,—,—,—,—,—,—,—,—,—
188,RAY,4k3Dyjzvzp8eMZWUXbBCjEvwSkkk59S5iCNLY3QrkX6R,RAY-Solana,0.2,0.2,0.2,0.39,0.2,0.579375,0.579375,0.39,0.2,0.579375,1.0766,0.39,0.2,0.579375,1.0766,0.39,0.39,0.39,0.39,0.39
190,ZRO,0x6985884c4392d348587b19cb9eaaf157f13271cd,AVAXC,0.048,—,0.048,—,0.048,—,0.12484395,—,—,—,—,—,0.048,0.12484395,—,—,—,—,—,—
192,VELODROME,0x9560e827af36c94d2ac33a39bce1fe78631088db,OPTIMISM,0.84,—,—,—,0.84,—,—,—,—,—,—,—,—,—,—,—,—,—,—,—
193,SANTOS,0xa64455a4553c9034236734faddaddbb64ace4cc7,BSC,0.0073,—,—,—,0.0073,—,—,—,—,—,—,—,—,—,—,—,—,—,—,—
194,GMT,0x714db550b574b3e927af3d93e26127d15721d4c2,GMT-Polygon,0.4,15.0,0.4,1.0,0.4,39.82477101,39.82477101,1.0,15.0,39.82477101,73.512,41.53589747,0.4,39.82477101,73.512,41.53589747,1.0,1.0,41.53589747,41.53589747
195,GMX,0xfc5a1a6eb076a2c7ad06ed22c90d7e710e35ad0a,GMX-Arbitrum One,0.014,—,0.0078,0.01,0.014,—,0.02038736,0.01,—,—,—,—,0.0078,0.02038736,—,0.01,0.01,0.01,—,0.01
196,GNS,0xe5417af564e4bfda1c483642db72007871397896,MATIC,0.0031,—,0.0031,—,0.0031,—,0.14,—,—,—,—,—,0.0031,0.14,—,—,—,—,—,—
197,VANRY,0x8de5b80a0c1b02fe4976851d030b36122dbb8624,MATIC,—,—,0.22,—,—,—,—,—,—,—,—,—,0.22,—,—,—,—,—,—,—
198,THE,0xf4c8e32eadec4bfe97e0f595add0f4450a863a11,BSC,0.043,—,—,—,0.043,—,—,—,—,—,—,—,—,—,—,—,—,—,—,—
199,CFX,CFX_CFX,CFX,0.0024,—,—,—,0.0024,—,—,—,—,—,—,—,—,—,—,—,—,—,—,—
202,ACE,0xc27a719105a987b4c34116223cae8bd8f4b5def4,BSC,0.11,—,0.11,—,0.11,—,0.52083334,—,—,—,—,—,0.11,0.52083334,—,—,—,—,—,—
203,ACH,0xbc7d6b50616989655afd682fb42743507003056d,BSC,0.83,—,—,—,0.83,—,—,—,—,—,—,—,—,—,—,—,—,—,—,—
204,MINA,MINA_MINA,MINA,0.9,—,—,—,0.9,—,—,—,—,—,—,—,—,—,—,—,—,—,—,—
205,ACM,0xf9c0f80a6c67b1b39bddf00ecd57f2533ef5b688,CHZ2,0.0,—,—,—,0.0,—,—,—,—,—,—,—,—,—,—,—,—,—,—,—
206,VTHO,0x0000000000000000000000000000456e65726779,VET,70.0,—,70.0,—,70.0,—,70.0,—,—,—,—,—,70.0,70.0,—,—,—,—,—,—
208,ACT,GJAFwWjJ3vnTsrQVabjBVK2TYB1YtRCQXRDfDgUnpump,ACT-Solana,35.0,35.0,35.0,28.0,35.0,47.77830865,47.77830865,28.0,35.0,47.77830865,89.5492,28.0,35.0,47.77830865,89.5492,28.0,28.0,28.0,28.0,28.0
211,VIRTUAL,0x0b3e328455c4059eeb9e3f84b5543f74e24e7e1b,BASE,0.26,—,0.26,—,0.26,—,2.80210158,—,—,—,—,—,0.26,2.80210158,—,—,—,—,—,—
212,BROCCOLI714,0x6d5ad1592ed9d6d1df9b93c793ab759573ed6714,BSC,1.5,—,—,—,1.5,—,—,—,—,—,—,—,—,—,—,—,—,—,—,—
213,GPS,0x0c1dc73159e30c4b06170f2593d3118968a0dca5,BASE,46.0,—,46.0,—,46.0,—,25.25252526,—,—,—,—,—,46.0,25.25252526,—,—,—,—,—,—
217,XRP,XRP_XRP,XRP,0.2,—,—,—,0.2,—,—,—,—,—,—,—,—,—,—,—,—,—,—,—
219,FIDA,EchesyfXePKdLtoiZSL8pBe8Myagyy8ZRqsACNCFGnvp,SOL,7.13,—,7.13,—,7.13,—,17.574693,—,—,—,—,—,7.13,17.574693,—,—,—,—,—,—
221,ENJ,ENJ_ENJ,ENJ,0.0003,—,—,—,0.0003,—,—,—,—,—,—,—,—,—,—,—,—,—,—,—
222,SOLV,0xabe8e5cabe24cb36df9540088fd7ce1175b9bc52,BSC,1.87,—,1.87,—,1.87,—,8.54700855,—,—,—,—,—,1.87,8.54700855,—,—,—,—,—,—
223,TOWNS,0x00000000a22c618fd6b4d7e9a335c4b96b189a38,BASE,34.0,—,34.0,—,34.0,—,9.11577029,—,—,—,—,—,34.0,9.11577029,—,—,—,—,—,—
225,GRT,0x9623063377ad1b27544c965ccd7342f7ea7e88c7,ARBITRUM,—,—,2.36,—,—,—,—,—,—,—,63.266893,9.3,2.36,—,63.266893,9.3,—,—,9.3,9.3
228,TLM,0x2222227e22102fe3322098e4cbfe18cfebd57c95,BSC,3.66,—,3.66,—,3.66,—,47.31861199,—,—,—,—,—,3.66,47.31861199,—,—,—,—,—,—
229,CKB,CKB_CKB,CKB,0.001,—,—,—,0.001,—,—,—,—,—,—,—,—,—,—,—,—,—,—,—
230,LUNC,uluna,LUNC,—,—,22.66,—,—,—,—,—,—,—,—,—,22.66,—,—,—,—,—,—,—
231,SOMI,0xa9616e5e23ec1582c2828b025becf3ef610e266f,BSC,0.077,—,—,—,0.077,—,—,—,—,—,—,—,—,—,—,—,—,—,—,—
232,XTZ,XTZ_XTZ,XTZ,0.1,—,—,—,0.1,—,—,—,—,—,—,—,—,—,—,—,—,—,—,—
233,FORM,0x5b73a93b4e5e4f1fd27d8b3f8c97d69908b5e284,BSC,0.053,—,—,—,0.053,—,—,—,—,—,—,—,—,—,—,—,—,—,—,—
235,HOLO,0x1a5d7e4c3a7f940b240b7357a4bfed30d17f9497,BSC,0.25,5.71,0.25,—,0.25,7.70000771,1.15500116,—,5.71,7.70000771,13.9872,—,0.25,1.15500116,13.9872,—,—,—,—,—
236,RIF,0x2acc95758f8b5f583470ba265eb685a8f45fc9d5,RSK,12.0,—,—,—,12.0,—,—,—,—,—,—,—,—,—,—,—,—,—,—,—
237,MIRA,0x7aafd31a321d3627b30a8e2171264b56852187fe,BASE,1.42,—,1.42,—,1.42,—,0.37850114,—,—,—,—,—,1.42,0.37850114,—,—,—,—,—,—
238,HOME,0x4bfaa776991e85e5f8b1255461cbbd216cfc714f,BSC,0.42,—,0.42,—,0.42,—,6.9341716,—,—,—,—,—,0.42,6.9341716,—,—,—,—,—,—
239,HOOK,0xa260e12d2b924cb899ae80bb58123ac3fee1e2f0,BSC,0.16,—,—,—,0.16,—,—,—,—,—,—,—,—,—,—,—,—,—,—,—
244,LAZIO,0x77d547256a2cd95f32f67ae0313e450ac200648d,BSC,0.016,—,—,—,0.016,—,—,—,—,—,—,—,—,—,—,—,—,—,—,—
245,CHESS,0x20de22029ab63cf9a7cf5feb2b737ca1ee4c82a6,BSC,0.24,—,—,—,0.24,—,—,—,—,—,—,—,—,—,—,—,—,—,—,—
246,TON,TON_TON,TON,0.03,—,—,—,0.03,—,—,—,—,—,—,—,—,—,—,—,—,—,—,—
247,INIT,INIT_INIT,INIT,0.1,—,—,—,0.1,—,—,—,—,—,—,—,—,—,—,—,—,—,—,—
250,ASTER,0x000ae314e2a2172a039b26378814c252734f556a,BSC,0.033,—,0.033,—,0.033,—,0.14747813,—,—,—,—,—,0.033,0.14747813,—,—,—,—,—,—
251,DEGO,0x3da932456d082cba208feb0b096d49b202bf89c8,BSC,—,—,0.038,—,—,—,—,—,—,—,—,—,0.038,—,—,—,—,—,—,—
252,PNUT,2qEHjDLDLbuBgRYvsxhc5D6uDWAivNFZGan56P1tpump,PNUT-Solana,5.67,5.67,5.67,6.83070422,5.67,7.57575758,7.57575758,6.83070422,5.67,7.57575758,14.489,6.83070422,5.67,7.57575758,14.489,6.83070422,6.83070422,6.83070422,6.83070422,6.83070422
253,VOXEL,0xd0258a3fd00f38aa8090dfee343f10a9d4d30d3f,MATIC,0.11,0.11,0.11,—,0.11,25.8398,25.8398,—,0.11,25.8398,0.2536,—,0.11,25.8398,0.2536,—,—,—,—,—
255,PHB,0x0409633a72d846fc5bbe2f98d88564d35987904d,BSC,0.03,—,—,—,0.03,—,—,—,—,—,—,—,—,—,—,—,—,—,—,—
256,SAHARA,0xfdffb411c4a70aa7c95d5c981a6fb4da867e1111,BSC,0.2,—,0.2,—,0.2,—,2.00026671,—,—,—,—,—,0.2,2.00026671,—,—,—,—,—,—
260,ETH,0x2170ed0880ac9a755fd29b2688956bd959f933f8,BSC,4e-06,—,4e-06,—,4e-06,—,3.845e-05,9.5e-05,—,—,0.0012,—,4e-06,3.845e-05,0.0012,—,—,9.5e-05,—,—
261,ETC,0x3d6545b08693dae087e957cb1180ee38b9e3c25e,BSC,0.0008,—,—,—,0.0008,—,—,—,—,—,—,—,—,—,—,—,—,—,—,—
262,NEO,0xef4073a0f2b305a38ec4050e4d3d28bc40ea63f5,NEO-N3,0.0,—,0.0,0.01,0.0,—,0.0,0.01,—,—,—,—,0.0,0.0,—,0.01,0.01,0.01,—,0.01
263,HIGH,0x5f4bde007dc06b867f86ebfe4802e34a1ffeed63,BSC,0.031,—,—,—,0.031,—,—,—,—,—,—,—,—,—,—,—,—,—,—,—
264,ALT,0x8457ca5040ad67fdebbcc8edce889a335bc0fbfb,BSC,0.5,—,0.5,—,0.5,—,8.55188142,—,—,—,—,—,0.5,8.55188142,—,—,—,—,—,—
265,ORDI,ordi,ORDIBTC,—,1.2,1.2,—,—,—,—,—,1.2,—,5.505996,—,1.2,—,5.505996,—,—,—,—,—
267,NFP,0x551897f8203bd131b350601d3ac0679ba0fc0136,BSC,0.26,—,—,—,0.26,—,—,—,—,—,—,—,—,—,—,—,—,—,—,—
268,TRX,TRX_TRX,TRX,1.0,—,—,—,1.0,—,—,—,—,—,—,—,—,—,—,—,—,—,—,—
269,SIGN,0x868fced65edbf0056c4163515dd840e9f287a4c3,BSC,0.25,—,0.25,—,0.25,—,26.53223667,—,—,—,—,—,0.25,26.53223667,—,—,—,—,—,—
272,ORCA,orcaEKTdK7LKz57vaAYr9QeNsVEPfiu6QeMU1kektZE,SOL,0.29,0.29,0.29,—,0.29,0.657031,0.657031,—,0.29,0.657031,1.2819,—,0.29,0.657031,1.2819,—,—,—,—,—
274,USTC,uusd,LUNC,—,—,0.6,—,—,—,—,—,—,—,—,—,0.6,—,—,—,—,—,—,—
275,BERA,BERA_BERA,BERA,0.001,—,—,—,0.001,—,—,—,—,—,—,—,—,—,—,—,—,—,—,—
276,TST,0x86bb94ddd16efc8bc58e6b056e8df71d9e666429,BSC,0.61,—,0.61,—,0.61,—,0.15,—,—,—,—,—,0.61,0.15,—,—,—,—,—,—
277,VANA,VANA_VANA,VANA,0.001,—,—,—,0.001,—,—,—,—,—,—,—,—,—,—,—,—,—,—,—
280,MAGIC,0x539bde0d7dbd336b79148aa742883198bbf60342,MAGIC-Arbitrum One,0.93,—,0.93,0.0872885,0.93,—,1.45772595,0.0872885,—,—,—,—,0.93,1.45772595,—,0.0872885,0.0872885,0.0872885,—,0.0872885
281,ALICE,0xac51066d7bec65dc4589368da368b212745d63e8,BSC,0.11,0.11,0.11,—,0.11,3.481895,3.481895,—,0.11,3.481895,13.22861,—,0.11,3.481895,13.22861,—,—,—,—,—
283,TUT,0xcaae2a2f939f51d97cdfa9a86e79e3f085b799f3,BSC,1.55,—,1.55,—,1.55,—,7.31600254,—,—,—,—,—,1.55,7.31600254,—,—,—,—,—,—
287,0G,0G_0G,0G,0.001,—,—,—,0.001,—,—,—,—,—,—,—,—,—,—,—,—,—,—,—
288,PYTH,HZ1JovNiVvGrGNiiYvEozEVgZ58xaU3RKwX8eACQBCt3,PYTH-Solana,6.83,6.83,6.83,8.66971382,6.83,9.082653,9.082653,8.66971382,6.83,9.082653,17.4122,8.66971382,6.83,9.082653,17.4122,8.66971382,8.66971382,8.66971382,8.66971382,8.66971382
290,BAND,BAND_BAND,BAND,0.01,—,—,—,0.01,—,—,—,—,—,—,—,—,—,—,—,—,—,—,—
293,TWT,0x4b0f1812e5df2a09796481ff14017e6005508003,BSC,0.022,—,0.022,—,0.022,—,0.12019231,—,—,—,—,—,0.022,0.12019231,—,—,—,—,—,—
294,PARTI,0x59264f02d301281f3393e1385c0aefd446eb0f00,BSC,0.098,—,0.098,—,0.098,—,1.45348838,—,—,—,—,—,0.098,1.45348838,—,—,—,—,—,—
295,ARB,0x912ce59144191c1204e64559fe8253a0e49e6548,ARB-Arbitrum One,0.43,—,0.43,0.02,0.43,—,0.6455778,0.02,—,—,—,—,0.43,0.6455778,—,0.02,0.02,0.02,—,0.02
296,ARK,ARK_ARK,ARK,0.3,—,—,—,0.3,—,—,—,—,—,—,—,—,—,—,—,—,—,—,—
297,1000CAT,0x6894cde390a3f51155ea41ed24a33a4827d3063d,BSC,—,—,2.14,—,—,—,—,—,—,—,—,—,2.14,—,—,—,—,—,—,—
299,PUMP,pumpCmXqMfrsAkQ5r49WcJnRayYRqmXz6ae8H7H9Dfn,PUMP-Solana,148.0,148.0,148.0,240.1175454,148.0,204.081633,204.081633,240.1175454,148.0,204.081633,409.1073,240.1175454,148.0,204.081633,409.1073,240.1175454,240.1175454,240.1175454,240.1175454,240.1175454
301,BTTC,TAFjULxiVgT4qWk6UZwjqwZXTSaGaqnVp4,TRX,595132.0,595132.0,595132.0,—,595132.0,10266940.45174538,10266940.45174538,—,595132.0,10266940.45174538,60000.0,—,595132.0,10266940.45174538,60000.0,—,—,—,—,—
302,ASR,0xa6610b3361c4c0d206aa3364cd985016c2d89386,CHZ2,0.0,—,—,—,0.0,—,—,—,—,—,—,—,—,—,—,—,—,—,—,—
305,2Z,J6pQQ3FAcJQeWPPGppWRb4nM8jU3wLyYbRrLh7feMfvd,SOL,3.53,—,3.53,—,3.53,—,4.83982596,—,—,—,—,—,3.53,4.83982596,—,—,—,—,—,—
306,ATA,0xa2120b9e674d3fc3875f415a7df52e382f141225,BSC,—,—,0.36,—,—,—,—,—,—,—,—,—,0.36,—,—,—,—,—,—,—
307,OPEN,0xa227cc36938f0c9e09ce0e64dfab226cad739447,BSC,0.088,0.088,0.088,—,0.088,0.41566215,0.41566215,—,0.088,0.41566215,10.67757,—,0.088,0.41566215,10.67757,—,—,—,—,—
308,ATM,0xe9506f70be469d2369803ccf41823713bafe8154,CHZ2,0.0,—,—,—,0.0,—,—,—,—,—,—,—,—,—,—,—,—,—,—,—
309,TNSR,TNSRxcUxoT9xBG3de7PiJyTDYu7kskLqcpddxnEJAS6,TNSR-Solana,5.28,5.28,5.28,14.57114228,5.28,18.60119048,18.60119048,14.57114228,5.28,18.60119048,32.8217,14.57114228,5.28,18.60119048,32.8217,14.57114228,14.57114228,14.57114228,14.57114228,14.57114228
311,RVN,RVN_RVN,RVN,0.1,—,—,—,0.1,—,—,—,—,—,—,—,—,—,—,—,—,—,—,—
312,KAVA,ukava,KAVA,—,—,0.03,—,—,—,—,—,—,—,—,—,0.03,—,—,—,—,—,—,—
313,PSG,0xc2661815c69c2b3924d3dd0c2c1358a1e38a3105,CHZ2,0.0,—,—,—,0.0,—,—,—,—,—,—,—,—,—,—,—,—,—,—,—
314,AVA,0xd9483ea7214fcfd89b4fb8f513b544920e315a52,BSC,0.03,—,—,—,0.03,—,—,—,—,—,—,—,—,—,—,—,—,—,—,—
317,NOT,EQAvlWFDxGF2lXm67y4yzC17wYKD9A0guwPkMs1gOsM__NOT,NOT-TON,82.0,—,82.0,30.0,82.0,—,648.50843061,30.0,—,—,—,—,82.0,648.50843061,—,30.0,30.0,30.0,—,30.0
318,WAL,0x356a26eb9e012a68958082340d4c4116e7f55615cf27affcff209cf0ae544f59::wal::WAL,SUI,—,—,0.68,—,—,—,—,—,—,—,—,—,0.68,—,—,—,—,—,—,—
322,AWE,0x1b4617734c43f6159f3a70b7e06d883647512778,BASE,7.71,—,7.71,—,7.71,—,14.24298533,—,—,—,—,—,7.71,14.24298533,—,—,—,—,—,—
324,HEI,0xf8f173e20e15f3b6cb686fb64724d370689de083,BSC,—,—,0.04,—,—,—,—,—,—,—,—,—,0.04,—,—,—,—,—,—,—
325,PIXEL,0x7eae20d11ef8c779433eb24503def900b9d28ad7,PIXEL-Ronin,0.1,—,—,0.05,0.1,—,—,0.05,—,—,—,—,—,—,—,—,0.05,0.05,—,—
326,AXL,0x6e4e624106cb12e168e6533f8ec7c82263358940,MATIC,0.021,—,—,—,0.021,—,—,—,—,—,—,—,—,—,—,—,—,—,—,—
328,AXS,0x97a9107c1793bc407d6f527b77e7fff4d812bece,RON,0.005,—,—,—,0.005,—,—,—,—,—,—,—,—,—,—,—,—,—,—,—
330,WCT,0xef4461891dfb3ac8572ccf7c794664a8dd927945,WCT-Optimism,0.14,—,0.14,1.0,0.14,—,6.41354541,1.0,—,—,—,—,0.14,6.41354541,—,1.0,1.0,1.0,—,1.0
332,HAEDAL,0x3d9be0ac1001cd81c32464276d863d2ffdca4967,BSC,0.14,1.65,1.65,—,0.14,—,—,—,1.65,—,0.18,—,1.65,—,0.18,—,—,—,—,—
335,PENGU,2zMMhcVQEXDtdE6vsFS7S7D5oUodfJHE8vd1gnBouauv,PENGU-Solana,36.0,36.0,36.0,87.76150152,36.0,49.14005,49.14005,87.76150152,36.0,49.14005,94.0576,87.76150152,36.0,49.14005,94.0576,87.76150152,87.76150152,87.76150152,87.76150152,87.76150152
336,BANANAS31,0x3d4f0513e8a29669b960f9dbca61861548a9a760,BSC,2.43,—,—,—,2.43,—,—,—,—,—,—,—,—,—,—,—,—,—,—,—
338,ALPINE,0x287880ea252b52b63cc5f40a2d3e5a44aa665a76,BSC,0.0086,—,0.0086,—,0.0086,—,0.20134229,—,—,—,—,—,0.0086,0.20134229,—,—,—,—,—,—
340,DEXE,0x6e88056e8376ae7709496ba64d37fa2f8015ce3e,BSC,—,—,0.005,—,—,—,—,—,—,—,0.6147291,—,0.005,—,0.6147291,—,—,—,—,—
341,LISTA,0xfceb31a79f71ac9cbdcf853519c1b12d379edc46,BSC,0.12,—,0.12,—,0.12,—,0.5520795,—,—,—,—,—,0.12,0.5520795,—,—,—,—,—,—
343,HIVE,HIVE_HIVE,HIVE,0.01,—,—,—,0.01,—,—,—,—,—,—,—,—,—,—,—,—,—,—,—
344,KAITO,0x98d0baa52b2d063e780de12f615f963fe8537553,BASE,0.36,—,0.36,—,0.36,—,3.83141763,—,—,—,—,—,0.36,3.83141763,—,—,—,—,—,—
346,RDNT,0x3082cc23568ea640225c2467653db90e9250aaa0,RDNT-Arbitrum One,12.0,—,0.8,0.5,12.0,—,13.02083334,0.5,—,—,—,—,0.8,13.02083334,—,0.5,0.5,0.5,—,0.5
347,PYR,0x430ef9263e76dae63c84292c3409d61c598e9682,MATIC,—,0.0062,0.0062,—,—,—,—,—,0.0062,—,6.2202374,—,0.0062,—,6.2202374,—,—,—,—,—
348,FET,FET_FET,FET,1e-05,—,—,—,1e-05,—,—,—,—,—,—,—,—,—,—,—,—,—,—,—
349,GIGGLE,0x20d6015660b3fe52e6690a889b5c51f69902ce0e,BSC,—,—,0.00026,—,—,—,—,—,—,—,—,—,0.00026,—,—,—,—,—,—,—
353,SAGA,SAGA_SAGA,SAGA,0.1,—,—,—,0.1,—,—,—,—,—,—,—,—,—,—,—,—,—,—,—
354,JOE,0x6e84a6216ea6dacc71ee8e6b0a5b7322eebc0fdd,AVAXC,0.68,0.68,—,—,0.68,26.62,—,—,0.68,26.62,—,—,—,—,—,—,—,—,—,—
356,WIF,EKpQGSJtjMFqKZ9KQanSqYXRcF8fBopzLHYxdM65zcjm,WIF-Solana,0.75,0.75,0.75,3.01668874,0.75,1.91975428,1.91975428,3.01668874,0.75,1.91975428,3.6574,3.01668874,0.75,1.91975428,3.6574,3.01668874,3.01668874,3.01668874,3.01668874,3.01668874
358,LTC,LTC_LTC,LTC,0.0001,—,—,—,0.0001,—,—,—,—,—,—,—,—,—,—,—,—,—,—,—
360,WINTOKEN,TLa2f6VPqDgRE67v1736s7bJ8Ray5wYjU7,WIN-TRC20,106.0,106.0,106.0,11419.94,106.0,129332.65,129332.65,11419.94,106.0,129332.65,12688.815,11419.94,106.0,129332.65,12688.815,11419.94,11419.94,11419.94,11419.94,11419.94
361,DYDX,DYDX_DYDX,DYDX,0.01,—,—,—,0.01,—,—,—,—,—,—,—,—,—,—,—,—,—,—,—
364,QTUM,QTUM_QTUM,QTUM,0.05,—,—,—,0.05,—,—,—,—,—,—,—,—,—,—,—,—,—,—,—
365,CYBER,0x14778860e937f509e651192a90589de711fb88a9,BSC,0.0076,—,0.0076,—,0.0076,—,1.00503,—,—,—,—,—,0.0076,1.00503,—,—,—,—,—,—
366,FIL,FIL_FILEVM,FILEVM,0.0,—,—,—,0.0,—,—,—,—,—,—,—,—,—,—,—,—,—,—,—
369,BAR,0xfd3c73b3b09d418841dd6aff341b2d6e3aba433b,CHZ2,0.0,—,—,—,0.0,—,—,—,—,—,—,—,—,—,—,—,—,—,—,—
371,1000CHEEMS,0x0df0587216a4a1bb7d5082fdc491d93d2dd4b413,BSC,23.0,—,23.0,—,23.0,—,108318.89081456,—,—,—,—,—,23.0,108318.89081456,—,—,—,—,—,—
375,AAVE,0x7fc66500c84a76ad7e9c93437bfc5ac33e2ddae9,AAVE-ERC20,—,—,—,—,—,—,—,—,—,—,—,—,—,—,—,0.0026,—,—,—,0.0026
378,ACH,0xed04915c23f00a313a544955524eb7dbd823143d,ACH-ERC20,—,—,—,—,—,—,—,—,—,—,311.03214,46.56,—,—,311.03214,46.56,—,—,46.56,46.56
380,AERGO,0x91af0fbb28aba7e31403cb457106ce79397fd4e6,AERGO-ERC20,—,—,—,—,—,—,—,—,—,—,—,—,—,—,—,7.95,—,—,—,7.95
381,AEVO,0xB528edBef013aff855ac3c50b381f253aF13b997,AEVO-ERC20,—,—,—,—,—,—,—,—,—,—,—,9.59,—,—,—,—,—,—,9.59,—
382,AGLD,0x32353a6c91143bfd6c7d363b546e62a9a2489a20,AGLD-ERC20,—,—,—,—,—,—,—,—,—,—,10.061159,1.52,—,—,10.061159,1.52,—,—,1.52,1.52
383,AIXBT,0x4F9Fd6Be4a90f2620860d680c0d4d5Fb53d1A825,AIXBT-Base,—,—,—,—,—,—,—,—,—,—,—,0.05,—,—,—,—,—,—,0.05,—
385,APE,0x4d224452801aced8b2f0aebe155379bb5d594381,APE-ERC20,—,—,—,—,—,—,—,—,—,—,—,—,—,—,—,1.41,—,—,—,1.41
386,API3,0x0b38210ea11411557c13457d4da7dc6ea731b88a,API3-ERC20,—,—,—,—,—,—,—,—,—,—,—,—,—,—,—,0.9,—,—,—,0.9
389,ARG,0xd34625c1c812439229EF53e06f22053249D011f5,ARG-Chiliz 2.0 Chain,—,—,—,—,—,—,—,—,—,—,—,0.1,—,—,—,—,—,—,0.1,—
390,ARKM,0x6E2a43be0B1d33b726f0CA3b8de60b3482b8b050,ARKM-ERC20,—,—,—,—,—,—,—,—,—,—,—,1.7,—,—,—,—,—,—,1.7,—
392,ASTER,0x000Ae314E2A2172a039B26378814C252734f556A,ASTER-BSC,—,—,—,—,—,—,—,—,—,—,—,0.5,—,—,—,—,—,—,0.5,—
394,ATH,0xbe0Ed4138121EcFC5c0E56B40517da27E6c5226B,ATH-ERC20,—,—,—,—,—,—,—,—,—,—,—,50.0,—,—,—,—,—,—,50.0,—
396,AUCTION,0xa9b1eb5908cfc3cdf91f9b8b3a74108598009096,AUCTION-ERC20,—,—,—,—,—,—,—,—,—,—,0.57894155,0.089,—,—,0.57894155,0.089,—,—,0.089,0.089
398,AXS,0xbb0e17ef65f82ab018d8edd776e8dd940327b28b,AXS-ERC20,—,—,—,—,—,—,—,—,—,—,2.5900546,0.4,—,—,2.5900546,0.4,—,—,0.4,0.4
400,BAL,0xba100000625a3754423978a60c9317c58a424e3d,BAL-ERC20,—,—,—,—,—,—,—,—,—,—,3.9774824,0.6,—,—,3.9774824,0.6,—,—,0.6,0.6
401,BANANA,0x38e68a37e401f7271568cecaac63c6b1e19130b4,BANANA-ERC20,—,—,—,—,—,—,—,—,—,—,—,—,—,—,—,0.046,—,—,—,0.046
402,BAND,0xad6caeb32cd2c308980a548bd0bc5aa4306c6c18,BSC,—,—,0.02,—,—,—,—,—,—,—,—,—,0.02,—,—,1.15,—,—,—,1.15
404,BAT,0x0d8775f648430679a709e98d2b0cb6250d2887ef,BAT-ERC20,—,—,—,—,—,—,—,—,—,—,24.118838,3.5,—,—,24.118838,3.5,—,—,3.5,3.5
407,BICO,0xf17e65822b568b3903685a7c9f496cf7656cc6c2,BICO-ERC20,—,—,—,—,—,—,—,—,—,—,—,—,—,—,—,9.69,—,—,—,9.69
408,BIGTIME,0x64Bc2cA1Be492bE7185FAA2c8835d9b824c8a194,BIGTIME-ERC20,—,—,—,—,—,—,—,—,—,—,—,18.13,—,—,—,—,—,—,18.13,—
409,BIO,0xcb1592591996765ec0efc1f92599a19767ee5ffa,BIO-ERC20,—,—,—,—,—,—,—,—,—,—,—,—,—,—,—,6.97,—,—,—,6.97
410,BLUR,0x5283d291dbcf85356a21ba090e6db59121208b44,BLUR-ERC20,—,—,—,—,—,—,—,—,—,—,80.687627,1.0,—,—,80.687627,1.0,—,—,1.0,1.0
412,BNT,0x1f573d6fb3f13d689ff844b4ce37794d79a7ff1c,BNT-ERC20,—,—,—,—,—,—,—,—,—,—,—,0.99,—,—,—,—,—,—,0.99,—
413,CAT,0x6894CDe390a3f51155ea41Ed24a33A4827d3063D,CAT-BSC,—,—,—,—,—,—,—,—,—,—,—,20000.0,—,—,—,—,—,—,20000.0,—
414,CELR,0x1f9f6a696c6fd109cd3956f45dc709d2b3902163,BSC,—,—,2.12,—,—,—,—,—,—,—,—,—,2.12,—,—,104.27,—,—,—,104.27
418,CHZ,0x3506424f91fd33084466f402d5d97f05f8e3b4af,CHZ-ERC20,—,—,—,—,—,—,—,—,—,—,—,—,—,—,—,18.53,—,—,—,18.53
420,CLV,0x80c62fe4487e1351b47ba49809ebd60ed085bf52,CLV-ERC20,—,—,—,—,—,—,—,—,—,—,308.61352,45.61,—,—,308.61352,45.61,—,—,45.61,45.61
421,COMP,0xc00e94cb662c3520282e6f5717214004a7f26888,COMP-ERC20,—,—,—,—,—,—,—,—,—,—,0.11055172,0.017,—,—,0.11055172,0.017,—,—,0.017,0.017
424,CRV,0xd533a949740bb3306d119cc777fa900ba034cd52,CRV-ERC20,—,—,—,—,—,—,—,—,—,—,7.4951513,1.11,—,—,7.4951513,1.11,—,—,1.11,1.11
426,CTC,0xa3ee21c306a700e682abcdfe9baa6a08f3820419,CTC-ERC20,—,—,—,—,—,—,—,—,—,—,8.3179647,1.22,—,—,8.3179647,1.22,—,—,1.22,1.22
427,CVC,0x41e5560054824ea6b0732e656e3ad64e20e94e45,CVC-ERC20,—,—,—,—,—,—,—,—,—,—,66.405738,10.02,—,—,66.405738,10.02,—,—,10.02,10.02
428,CVX,0x4e3fbd56cd56c3e72c1403e103b45db9da5b9d2b,CVX-ERC20,—,—,—,—,—,—,—,—,—,—,1.8069351,0.26,—,—,1.8069351,0.26,—,—,0.26,0.26
429,CXT,0x7ABc8A5768E6bE61A6c693a6e4EAcb5B60602C4D,CXT-ERC20,—,—,—,—,—,—,—,—,—,—,—,41.03,—,—,—,—,—,—,41.03,—
430,DAI,0x8f3cf7ad23cd3cadbd9735aff958023239c6a063,DAI-Polygon,—,—,—,—,—,—,—,0.1,—,—,—,0.59,—,—,—,—,—,0.1,0.59,—
432,DEGEN,0x4ed4e862860bed51a9570b96d89af5e1b0efefed,DEGEN-Base,—,—,—,—,—,—,51.20328,0.5,—,—,—,—,—,51.20328,—,0.5,—,0.5,—,0.5
433,DEP,0x1a3496c18d558bd9c6c8f609e1b129f67ab08163,DEP-ERC20,—,—,—,—,—,—,—,—,—,—,—,433.4,—,—,—,—,—,—,433.4,—
436,DOOD,DvjbEsdca43oQcw2h3HW1CT7N3x5vRcr3QrvTUHnXvgV,DOOD-Solana,—,—,—,—,—,—,121.50668287,89.30119712,—,—,—,—,—,121.50668287,—,89.30119712,—,89.30119712,—,89.30119712
439,DUCK,EQDWXjnVWheFemaAaFn-Cp4nDehvGllrXOZ8wqHm8sDEwn_c,DUCK-TON,—,—,—,—,—,—,310.17369728,5.0,—,—,—,—,—,310.17369728,—,5.0,—,5.0,—,5.0
442,EIGEN,0xec53bf9167f50cdeb3ae105f56099aaab9061f83,EIGEN-ERC20,—,—,—,—,—,—,—,—,—,—,3.8054832,2.0,—,—,3.8054832,2.0,—,—,2.0,2.0
444,ELON,0x761d38e5ddf6ccf6cf7c55759d5210750b5d60f3,ELON-ERC20,—,—,—,—,—,—,—,—,—,—,52517428.0,7928151.63,—,—,52517428.0,7928151.63,—,—,7928151.63,7928151.63
445,ENA,0x57e114B691Db790C35207b2e685D4A43181e6061,ENA-ERC20,—,—,—,—,—,—,—,—,—,—,—,1.39,—,—,—,—,—,—,1.39,—
447,ENS,0xc18360217d8f7ab5e7c516566761ea12ce7f9d72,ENS-ERC20,—,—,—,—,—,—,—,—,—,—,—,—,—,—,—,0.039,—,—,—,0.039
449,ETHFI,0xfe0c30065b384f05761f15d0cc899d4f9f9cc0eb,ETHFI-ERC20,—,—,—,—,—,—,—,—,—,—,—,—,—,—,—,0.63,—,—,—,0.63
456,FOXY,0x5fbdf89403270a1846f5ae7d113a989f850d1566,FOXY-Linea,—,—,—,—,—,—,—,—,—,—,—,—,—,—,—,200.0,—,—,—,200.0
457,FXS,0x3432b6a60d23ca0dfca7761b7ab56459d9c964d0,FXS-ERC20,—,—,—,—,—,—,—,—,—,—,2.8729713,0.45,—,—,2.8729713,0.45,—,—,0.45,0.45
458,G,0x9C7BEBa8F6eF6643aBd725e45a4E8387eF260649,G-ERC20,—,—,—,—,—,—,—,—,—,—,—,84.51,—,—,—,—,—,—,84.51,—
459,GALA,0xd1d2eb1b1e90b638588728b4130137d262c87cae,GALA-ERC20,—,—,—,—,—,—,—,—,—,—,—,—,—,—,—,363.2,—,—,—,363.2
460,GALFT,0x6dab8fe8e5d425f2eb063aae58540aa04e273e0d,GALFT-Chiliz 2.0 Chain,—,—,—,—,—,—,—,0.1,—,—,—,—,—,—,—,—,—,0.1,—,—
461,GEAR,0xba3335588d9403515223f109edc4eb7269a9ab5d,GEAR-ERC20,—,—,—,—,—,—,—,—,—,—,—,500.0,—,—,—,—,—,—,500.0,—
463,GLM,0x7dd9c5cba05e151c895fde1cf355c9a1d5da6429,GLM-ERC20,—,—,—,—,—,—,—,—,—,—,22.53327,3.2,—,—,22.53327,3.2,—,—,3.2,3.2
464,GOAT,CzLSujWBLFsSjncfkh59rUFqvafWcY5tzedWJSuypump,GOAT-Solana,—,—,—,—,—,19.37609,19.37609,17.13874171,—,19.37609,36.6158,17.13874171,—,19.37609,36.6158,17.13874171,—,17.13874171,17.13874171,17.13874171
465,GODS,0xccc8cb5229b0ac8069c51fd58367fd1e622afd97,GODS-ERC20,—,—,—,—,—,—,—,—,—,—,45.358793,6.76,—,—,45.358793,6.76,—,—,6.76,6.76
468,ICE,0xc335df7c25b72eec661d5aa32a7c2b7b2a1d1874,ICE-BSC,—,—,—,—,—,—,47.48338082,30.0,—,—,—,—,—,47.48338082,—,30.0,—,30.0,—,30.0
471,ID,0x2dfF88A56767223A5529eA5960Da7A3F5f766406,ID-ERC20,—,—,—,—,—,—,—,—,—,—,—,10.0,—,—,—,—,—,—,10.0,—
472,ILV,0x767fe9edc9e0df98e07454847909b5e959d7ca0e,ILV-ERC20,—,—,—,—,—,—,—,—,—,—,—,—,—,—,—,0.055,—,—,—,0.055
473,IMX,0xf57e7e7c23978c3caec3c3548e3d615c346e79ff,IMX-ERC20,—,—,—,—,—,—,—,—,—,—,7.6695488,1.15,—,—,7.6695488,1.15,—,—,1.15,1.15
478,J,Jambjx1oJoZNBZiqbiF9TqgatEZPdyfvYa9WVsKNzUh,J-Solana,—,—,—,—,—,—,19.45903873,9.96617335,—,—,—,—,—,19.45903873,—,9.96617335,—,9.96617335,—,9.96617335
482,KAITO,0x98d0baa52b2D063E780DE12F615f963Fe8537553,KAITO-Base,—,—,—,—,—,—,—,—,—,—,—,0.1,—,—,—,—,—,—,0.1,—
483,KNC,0xdefa4e8a7bcba345f687a2f1456f5edd9ce97202,KNC-ERC20,—,—,—,—,—,—,—,—,—,—,—,—,—,—,—,1.99,—,—,—,1.99
486,LDO,0x5a98fcbea516cf06857215779fd812ca3bef1b32,LDO-ERC20,—,—,—,—,—,—,—,—,—,—,4.3865942,0.66,—,—,4.3865942,0.66,—,—,0.66,0.66
488,LINK,0x514910771af9ca656af840dff83e8264ecf986ca,LINK-ERC20,—,—,—,—,—,—,—,—,—,—,0.22345565,0.033,—,—,0.22345565,0.033,—,—,0.033,0.033
489,LOOKS,0xf4d2888d29d722226fafa5d9b24f9164c092421e,LOOKS-ERC20,—,—,—,—,—,—,—,—,—,—,—,—,—,—,—,81.06,—,—,—,81.06
490,LPT,0x58b6a8a3302369daec383334672404ee733ab239,LPT-ERC20,—,—,—,—,—,—,—,—,—,—,0.80591899,0.12,—,—,0.80591899,0.12,—,—,0.12,0.12
491,LQTY,0x6dea81c8171d0ba574754ef6f8b412f2ed88c54d,LQTY-ERC20,—,—,—,—,—,—,—,—,—,—,7.4665799,1.03,—,—,7.4665799,1.03,—,—,1.03,1.03
492,LRC,0xbbbbca6a901c926f240b89eacb641d8aec7aeafd,LRC-ERC20,—,—,—,—,—,—,—,—,—,—,—,—,—,—,—,8.55,—,—,—,8.55
496,MAJOR,EQCuPm01HldiduQ55xaBF_1kaW_WAUy5DHey8suqzU_MAJOR,MAJOR-TON,—,—,—,—,—,—,4.75285172,0.5,—,—,—,—,—,4.75285172,—,0.5,—,0.5,—,0.5
497,MANA,0x0f5d2fb29fb7d3cfee444a200298f468908cc942,MANA-ERC20,—,—,—,—,—,—,—,—,—,—,16.982564,2.54,—,—,16.982564,2.54,—,—,2.54,2.54
498,MASK,0x69af81e73a73b40adf4f3d4223cd9b1ece623074,MASK-ERC20,—,—,—,—,—,—,—,—,—,—,4.675611,0.7,—,—,4.675611,0.7,—,—,0.7,0.7
499,MEME,0xb131f4A55907B10d1F0A50d8ab8FA09EC342cd74,MEME-ERC20,—,—,—,—,—,—,—,—,—,—,—,377.19,—,—,—,—,—,—,377.19,—
500,MEMEFI,0x506a6fc25f1c7d52ceb06ea44a3114c9380f8e2029b4356019822f248b49e411::memefi::MEMEFI,MEMEFI-SUI,—,—,—,—,—,—,—,—,—,—,3.8,50.0,—,—,3.8,50.0,—,—,50.0,50.0
502,MERL,0x5c46bFF4B38dc1EAE09C5BAc65872a1D8bc87378,MERL-MERLIN Network,—,—,—,—,—,—,—,—,—,—,—,5.0,—,—,—,—,—,—,5.0,—
503,MET,METvsvVRapdj9cFLzq4Tr43xK4tAjQfwX76z3n6mWQL,MET-Solana,—,—,—,—,—,2.02511139,2.02511139,1.2604031,—,2.02511139,4.19,1.2604031,—,2.02511139,4.19,1.2604031,—,1.2604031,1.2604031,1.2604031
505,MEW,MEW1gQWJ3nEXg2qgERiKu7FAFj79PHvQVREQUzScPP5,MEW-Solana,—,—,—,—,—,551.57199,551.57199,496.8792758,—,551.57199,1044.1475,496.8792758,—,551.57199,1044.1475,496.8792758,—,496.8792758,496.8792758,496.8792758
507,MOODENG,ED5nyyWEzpPPiWimP8vYm7sD7TD3LAt3Q3gRTWHzPJBY,MOODENG-Solana,—,—,—,—,—,9.082653,9.082653,16.05269761,—,9.082653,17.1848,16.05269761,—,9.082653,17.1848,16.05269761,—,16.05269761,16.05269761,16.05269761
508,MORPHO,0x58D97B57BB95320F9a05dC918Aef65434969c2B2,MORPHO-ERC20,—,—,—,—,—,—,—,—,—,—,—,0.5,—,—,—,—,—,—,0.5,—
509,MOVE,0x3073f7aAA4DB83f95e9FFf17424F71D4751a3073,MOVE-ERC20,—,—,—,—,—,—,—,—,—,—,—,2.0,—,—,—,—,—,—,2.0,—
510,NAVX,0xa99b8952d4f7d947ea77fe0ecdcc9e5fc0bcab2841d6e2a5aa00c3044e5544b5::navx::NAVX,NAVX-SUI,—,—,—,—,—,—,—,—,—,—,2.0,0.2,—,—,2.0,0.2,—,—,0.2,0.2
511,NC,B89Hd5Juz7JP2dxCZXFJWk4tMTcbw7feDhuWGb3kq5qE,NC-Solana,—,—,—,—,—,—,95.69377991,57.87164183,—,—,—,—,—,95.69377991,—,57.87164183,—,57.87164183,—,57.87164183
513,NEIRO,0x812ba41e071c7b7fa4ebcfb62df5f45f6fa853ee,NEIRO-ERC20,—,—,—,—,—,—,—,—,—,—,—,—,—,—,—,3000.0,—,—,—,3000.0
514,NFT,TFczxzPhnThNSqr5by8tvxsdCFRRz6cPNq,NFT-TRC20,—,—,—,—,—,192680.0,192680.0,80000.0,—,192680.0,1720.0,80000.0,—,192680.0,1720.0,80000.0,—,80000.0,80000.0,80000.0
515,NMR,0x1776e1f26f98b1a5df9cd347953a26dd3cb46671,NMR-ERC20,—,—,—,—,—,—,—,—,—,—,—,—,—,—,—,0.049,—,—,—,0.049
516,OKB,0x75231f58b43240c9718dd58b4967c5114342a86c,OKB-ERC20,—,—,—,—,—,—,—,—,—,—,—,0.0,—,—,—,—,—,—,0.0,—
518,OM,0xf78d2e7936f5fe18308a3b2951a93b6c4a41f5e2,BSC,—,—,0.3,—,—,—,—,—,—,—,—,—,0.3,—,—,5.41,—,—,—,5.41
520,ONDO,0xfAbA6f8e4a5E8Ab82F62fe7C39859FA577269BE3,ONDO-ERC20,—,—,—,—,—,—,—,—,—,—,—,0.82,—,—,—,—,—,—,0.82,—
523,ORBS,0xff56cc6b1e6ded347aa0b7676c85ab0b3d08b0fa,ORBS-ERC20,—,—,—,—,—,—,—,—,—,—,305.40841,45.12,—,—,305.40841,45.12,—,—,45.12,45.12
525,PARTI,0x59264f02D301281f3393e1385c0aEFd446Eb0F00,PARTI-BSC,—,—,—,—,—,—,—,—,—,—,—,1.0,—,—,—,—,—,—,1.0,—
527,PENDLE,0x808507121B80c02388fAd14726482e061B8da827,PENDLE-ERC20,—,—,—,—,—,—,—,—,—,—,—,1.0,—,—,—,—,—,—,1.0,—
528,PEOPLE,0x7a58c0be72be218b41c608b7fe7c5bb630736c71,PEOPLE-ERC20,—,—,—,—,—,—,—,—,—,—,336.23385,49.75,—,—,336.23385,49.75,—,—,49.75,49.75
529,PEPE,0x6982508145454ce325ddbe47a25d4ec3d2311933,PEPE-ERC20,—,—,—,—,—,—,—,—,—,—,—,—,—,—,—,85629.95,—,—,—,85629.95
530,PERP,0xbc396689893d065f41bc2c6ecbee5e0085233447,PERP-ERC20,—,—,—,—,—,—,—,—,—,—,19.643945,2.8,—,—,19.643945,2.8,—,—,2.8,2.8
531,PHA,0x6c5ba91642f10282b576d91922ae6448c9d52f4e,PHA-ERC20,—,—,—,—,—,—,—,—,—,—,—,—,—,—,—,10.4,—,—,—,10.4
533,POL,0x455e53cbb86018ac2b8092fdcd39d8444affc3f6,POL-ERC20,—,—,—,—,—,—,—,—,—,—,—,—,—,—,—,10.0,—,—,—,10.0
535,PRCL,4LLbsb5ReP3yEtYzmXewyGjcir5uXtKFURtaEUVC2AHs,PRCL-Solana,—,—,—,—,—,24.44987776,24.44987776,24.14157973,—,24.44987776,47.0415,24.14157973,—,24.44987776,47.0415,24.14157973,—,24.14157973,24.14157973,24.14157973
536,PROMPT,0x28d38df637db75533bd3f71426f3410a82041544,PROMPT-ERC20,—,—,—,—,—,—,—,—,—,—,—,—,—,—,—,2.0,—,—,—,2.0
537,PROVE,0x6bef15d938d4e72056ac92ea4bdd0d76b1c4ad29,PROVE-ERC20,—,—,—,—,—,—,—,—,—,—,—,—,—,—,—,0.84,—,—,—,0.84
538,PSTAKE,0xfb5c6815ca3ac72ce9f5006869ae67f18bf77006,PSTAKE-ERC20,—,—,—,—,—,—,—,—,—,—,—,—,—,—,—,40.44,—,—,—,40.44
539,PYUSD,2b1kV6DkPAnxd5ixfnxCpjxmKwqjjaYmCZfHsFu24GXo,PYUSD-Solana,—,—,—,—,—,—,—,0.82254872,—,—,—,—,—,—,—,—,—,0.82254872,—,—
541,RACA,0x12bb890508c125661e03b09ec06e404bc9289040,RACA-BSC,—,—,—,—,—,—,3468.20809249,100.0,—,—,—,—,—,3468.20809249,—,100.0,—,100.0,—,100.0
542,RESOLV,0x259338656198eC7A76c729514D3CB45Dfbf768A1,RESOLV-ERC20,—,—,—,—,—,—,—,—,—,—,—,10.91,—,—,—,—,—,—,10.91,—
545,RPL,0xd33526068d116ce69f19a9ee46f0bd304f21a51f,RPL-ERC20,—,—,—,—,—,—,—,—,—,—,1.18178,0.05,—,—,1.18178,0.05,—,—,0.05,0.05
546,RSR,0x320623b8e4ff03373931769a31fc52a4e78b5d70,RSR-ERC20,—,—,—,—,—,—,—,—,—,—,761.97293,106.63,—,—,761.97293,106.63,—,—,106.63,106.63
547,RSS3,0xc98d64da73a6616c42117b582e832812e7b8d57f,RSS3-ERC20,—,—,—,—,—,—,—,—,—,—,—,22.44,—,—,—,—,—,—,22.44,—
550,SAFE,0x5afe3855358e112b5647b952709e6165e1c1eeee,SAFE-ERC20,—,—,—,—,—,—,—,—,—,—,—,—,—,—,—,2.47,—,—,—,2.47
551,SAHARA,0xFDFfB411C4A70AA7C95D5C981a6Fb4Da867e1111,SAHARA-ERC20,—,—,—,—,—,—,—,—,—,—,—,7.81,—,—,—,—,—,—,7.81,—
552,SAND,0x3845badade8e6dff049820680d1f14bd3903a5d0,SAND-ERC20,—,—,—,—,—,—,—,—,—,—,—,—,—,—,—,2.82,—,—,—,2.82
554,SD,0x30d20208d987713f46dfd34ef128bb16c404d10f,SD-ERC20,—,—,—,—,—,—,—,—,—,—,—,—,—,—,—,1.37,—,—,—,1.37
555,SHIB,0x2859e4544c4bb03966803b044a93563bd2d0dd4d,BSC,1359.0,1359.0,—,—,1359.0,15000.0,—,—,1359.0,15000.0,1184166.1,58372.81,—,—,1184166.1,58372.81,—,—,58372.81,58372.81
556,SKL,0x00c83aecc790e8a4453e5dd3b0b4b3680501a7a7,SKL-ERC20,—,—,—,—,—,—,—,—,—,—,—,—,—,—,—,31.62,—,—,—,31.62
557,SKY,0x56072c95faa701256059aa122697b133aded9279,SKY-ERC20,—,—,—,—,—,—,—,—,—,—,—,—,—,—,—,10.11,—,—,—,10.11
558,SLP,0xcc8fa225d80b9c7d42f96e9570156c65d6caaa25,SLP-ERC20,—,—,—,—,—,—,—,—,—,—,—,—,—,—,—,531.63,—,—,—,531.63
559,SNT,0x744d70fdbe2ba4cf95131626614a1763df805b9e,SNT-ERC20,—,—,—,—,—,—,—,—,—,—,—,33.18,—,—,—,—,—,—,33.18,—
560,SNX,0xc011a73ee8576fb46f5e1c5751ca3b9fe0af2a6f,SNX-ERC20,—,—,—,—,—,—,—,—,—,—,10.74276,0.55,—,—,10.74276,0.55,—,—,0.55,0.55
562,SONIC,SonicxvLud67EceaEzCLRnMTBqzYUUYNr93DBkBdDES,SONIC-Solana,—,—,—,—,—,—,7.79490058,12.59642302,—,—,—,—,—,7.79490058,—,12.59642302,—,12.59642302,—,12.59642302
564,SPK,0xc20059e0317DE91738d13af027DfC4a50781b066,SPK-ERC20,—,—,—,—,—,—,—,—,—,—,—,16.01,—,—,—,—,—,—,16.01,—
566,SSV,0x9d65ff81a3c488d585bbfb0bfe3c7707c7917f54,SSV-ERC20,—,—,—,—,—,—,—,—,—,—,—,—,—,—,—,0.05,—,—,—,0.05
567,STETH,0xae7ab96520de3a18e5e111b5eaab095312d7fe84,STETH-ERC20,—,—,—,—,—,—,—,—,—,—,—,0.00015,—,—,—,—,—,—,0.00015,—
568,STORJ,0xb64ef51c888972c908cfacf59b47c1afbc0ab8ac,STORJ-ERC20,—,—,—,—,—,—,—,—,—,—,68.902966,3.48,—,—,68.902966,3.48,—,—,3.48,3.48
569,STRK,0x04718f5a0fc34cc1af16a1cdee98ffb20c31f5cd61d6ab07201858f4287c938d,STRK-Starknet,—,—,—,—,—,—,0.87873463,0.99,—,—,—,—,—,0.87873463,—,0.99,—,0.99,—,0.99
572,SUSHI,0x6b3595068778dd592e39a122f4f5a5cf09c90fe2,SUSHI-ERC20,—,—,—,—,—,—,—,—,—,—,23.026405,1.15,—,—,23.026405,1.15,—,—,1.15,1.15
573,SWEAT,token.sweat,SWEAT-NEAR,—,—,—,—,—,6.56599,6.56599,132.0,—,6.56599,30.0,132.0,—,6.56599,30.0,132.0,—,132.0,132.0,132.0
574,SWFTC,0x0bb217e40f8a5cb79adf04e1aab60e5abd0dfc1e,SWFTC-ERC20,—,—,—,—,—,—,—,—,—,—,653.23078,95.76,—,—,653.23078,95.76,—,—,95.76,95.76
575,T,0xcdf7028ceab81fa0c6971208e83fa7872994bee5,T-ERC20,—,—,—,—,—,—,—,—,—,—,—,—,—,—,—,0.35340942,—,—,—,0.35340942
579,TOSHI,0xac1bd2486aaf3b5c0fc3fd868558b082a531b2b4,TOSHI-Base,—,—,—,—,—,—,1376.08366589,1000.0,—,—,—,—,—,1376.08366589,—,1000.0,—,1000.0,—,1000.0
581,TRB,0x88df592f8eb5d7bd38bfef7deb0fbc02cf3778a0,TRB-ERC20,—,—,—,—,—,—,—,—,—,—,—,—,—,—,—,0.024,—,—,—,0.024
583,TURBO,0xa35923162c49cf95e6bf26623385eb431ad920d3,TURBO-ERC20,—,—,—,—,—,—,—,—,—,—,—,—,—,—,—,251.3,—,—,—,251.3
585,UMA,0x04fa0d235c4abf4bcf4787af4cf447de572ef828,UMA-ERC20,—,—,—,—,—,—,—,—,—,—,—,—,—,—,—,0.54,—,—,—,0.54
586,UNI,0x1f9840a85d5af5bf1d1762f925bdaddc4201f984,UNI-ERC20,—,—,—,—,—,—,—,—,—,—,—,—,—,—,—,0.097,—,—,—,0.097
587,UXLINK,0x3991B07b2951a4300Da8c76e7d2c7eddE861Fef3,UXLINK-ERC20,—,—,—,—,—,—,—,—,—,—,—,45.0,—,—,—,—,—,—,45.0,—
589,VELODROME,0x9560e827aF36c94D2Ac33a39bCE1Fe78631088Db,VELODROME-Optimism (V2),—,—,—,—,—,—,—,—,—,—,—,2.0,—,—,—,—,—,—,2.0,—
590,VINE,6AJcP7wuLwmRYLBNbi825wgguaPsWzPBEHcHndpRpump,VINE-Solana,—,—,—,—,—,23.16423443,23.16423443,31.16142858,—,23.16423443,43.1968,31.16142858,—,23.16423443,43.1968,31.16142858,—,31.16142858,31.16142858,31.16142858
591,VIRTUAL,0x0b3e328455c4059EEb9e3f84b5543F74E24e7E1b,VIRTUAL-Base,—,—,—,—,—,—,—,—,—,—,—,0.5,—,—,—,—,—,—,0.5,—
592,VRA,0xf411903cbc70a74d22900a5de66a2dda66507255,VRA-ERC20,—,—,—,—,—,—,—,—,—,—,5770.0223,911.62,—,—,5770.0223,911.62,—,—,911.62,911.62
594,XAUT,0x68749665ff8d2d112fa859aa293f07a622782f38,XAUT-ERC20,—,—,—,—,—,—,—,—,—,—,—,—,—,—,—,0.00015,—,—,—,0.00015
601,YFI,0x0bc529c00c6401aef6d220be8c6ea1667f6ad93e,YFI-ERC20,—,—,—,—,—,—,—,—,—,—,0.00083849,0.00013,—,—,0.00083849,0.00013,—,—,0.00013,0.00013
602,YGG,0x25f8087ead173b73d6e8b84329989a8eea16cf73,YGG-ERC20,—,—,—,—,—,—,—,—,—,—,30.838924,4.68,—,—,30.838924,4.68,—,—,4.68,4.68
603,ZBCN,ZBCNpuD7YMXzTHB2fhGkGi78MNsHGLRXUhRewNRm9RU,ZBCN-Solana,—,—,—,—,—,267.165376,267.165376,170.06201258,—,267.165376,520.2198,170.06201258,—,267.165376,520.2198,170.06201258,—,170.06201258,170.06201258,170.06201258
604,ZENT,0xdBB7a34Bf10169d6d2D0d02A6cbb436cF4381BFa,ZENT-ERC20,—,—,—,—,—,—,—,—,—,—,—,93.41,—,—,—,—,—,—,93.41,—
606,ZEUS,ZEUS1aR7aX8DFFJf5QjWj2ftDDdNTroMNGo8YoQm3Gq,ZEUS-Solana,—,—,—,—,—,—,—,—,—,—,27.008382,9.20127186,—,—,27.008382,9.20127186,—,—,9.20127186,9.20127186
609,ZKJ,0xc71b5f631354be6853efe9c3ab6b9590f8302e81,ZKJ-ERC20,—,—,—,—,—,—,2.26380924,5.0,—,—,—,—,—,2.26380924,—,5.0,—,5.0,—,5.0
611,ZRO,0x6985884C4392D348587B19cb9eAAf157F13271cd,ZRO-ERC20,—,—,—,—,—,—,—,—,—,—,—,0.37,—,—,—,—,—,—,0.37,—
612,ZRX,0xe41d2489571d322189246dafa5ebde1f4699f498,ZRX-ERC20,—,—,—,—,—,—,—,—,—,—,21.13959,3.1,—,—,21.13959,3.1,—,—,3.1,3.1
616,SUNDOG,TXL6rJbvmjD46zeN1JssfgxvSo99qC8MRT,TRC20,—,—,—,—,—,52.9661017,52.9661017,—,—,52.9661017,26.2054,—,—,52.9661017,26.2054,—,—,—,—,—
617,DBR,DBRiDgJAMsM95moTzJs7M9LnkGErpbv9v6CUR1DXnUu5,SOL,—,—,—,—,—,27.159153,27.159153,—,—,27.159153,57.8953,—,—,27.159153,57.8953,—,—,—,—,—
619,COQ,0x420fca0121dc28039145009570975747295f2329,AVAXC-Chain,—,—,—,—,—,—,3105590.06212,—,—,—,—,—,—,3105590.06212,—,—,—,—,—,—
625,SOLO,rsoLo2S1kiGeCcn6hCUXVrCpGMWLrRrLZz,XRPTOKEN,—,—,—,—,—,1.21744,—,—,—,1.21744,—,—,—,—,—,—,—,—,—,—
628,PONKE,5z3EqYQo9HiCEs3R84RCDMu2n7anpDMxRhdK8PSWmrRC,SOL,—,—,—,—,—,16.15508886,16.15508886,—,—,16.15508886,31.7801,—,—,16.15508886,31.7801,—,—,—,—,—
630,SAROS,SarosY6Vscao718M4A778z4CGtvcwcGef5M9MEH1LGL,SOL,—,—,—,—,—,13.77220769,13.77220769,—,—,13.77220769,23.7474,—,—,13.77220769,23.7474,—,—,—,—,—
632,WEN,WENWENvqqNya429ubCdR81ZmD69brwQaaBYY6p3LCpk,SOL,—,—,—,—,—,37037.03703704,37037.03703704,—,—,37037.03703704,68048.257,—,—,37037.03703704,68048.257,—,—,—,—,—
640,Q,0xc07e1300dc138601fa6b0b59f8d0fa477e690589,BEP20,—,—,—,—,—,—,5.93727859,—,—,—,—,—,—,5.93727859,—,—,—,—,—,—
648,ALPHA,0xa1faa113cbe53436df28ff0aee54275c13b40975,BEP20,—,—,—,—,—,—,15.88983051,—,—,—,—,—,—,15.88983051,—,—,—,—,—,—
649,SWTCH,SW1TCHLmRGTfW5xZknqQdpdarB8PD95sJYWpNp9TbFx,SOL,—,—,—,—,—,10.27221367,10.27221367,—,—,10.27221367,19.1572,—,—,10.27221367,19.1572,—,—,—,—,—
650,ART,0x4dec3139f4a6c638e26452d32181fe87a7530805,BASE,—,—,—,—,—,—,262.32948584,—,—,—,—,—,—,262.32948584,—,—,—,—,—,—
654,TLOS,eosio.token,Telos,—,—,—,—,—,—,2.5,—,—,—,186.3744,—,—,2.5,186.3744,—,—,—,—,—
658,PINGPONG,0x3ecb529752dec6c6ab08fd83e425497874e21d49,BEP20,—,—,—,—,—,—,2.74805804,—,—,—,—,—,—,2.74805804,—,—,—,—,—,—
661,PORTALS,PRTLSwfLzpVGSAQiUfXEenJkq1cwTsEcsn1hPL9zwwg,SOL,—,—,—,—,—,—,40.95004096,—,—,—,—,—,—,40.95004096,—,—,—,—,—,—
662,BSU,0x1aecab957bad4c6e36dd29c3d3bb470c4c29768a,BEP20,—,—,—,—,—,—,4.62556085,—,—,—,—,—,—,4.62556085,—,—,—,—,—,—
668,LIGHT,0x477c2c0459004e3354ba427fa285d7c053203c0e,BEP20,—,—,—,—,—,—,0.077102,—,—,—,—,—,—,0.077102,—,—,—,—,—,—
671,KGEN,0x2a8227993a4e38537a57caefe5e7e9a51327bf6cd732c1f56648f26f68304ebc,Aptos,—,—,—,—,—,—,0.11797554,—,—,—,—,—,—,0.11797554,—,—,—,—,—,—
672,P,0x810df4c7daf4ee06ae7c621d0680e73a505c9a06,BEP20,—,—,—,—,—,—,1.29198967,—,—,—,—,—,—,1.29198967,—,—,—,—,—,—
673,FLK,0xe0969ec84456b7e4d3dd2181fb5265edbb63f7bd,BASE,—,—,—,—,—,—,0.57045066,—,—,—,—,—,—,0.57045066,—,—,—,—,—,—
674,LAB,0x7ec43cf65f1663f820427c62a5780b8f2e25593a,BEP20,—,—,—,—,—,—,1.11399926,—,—,—,—,—,—,1.11399926,—,—,—,—,—,—
675,RECALL,0x1f16e03c1a5908818f47f6ee7bb16690b40d0671,BASE,—,—,—,—,—,—,2.98151461,—,—,—,—,—,—,2.98151461,—,—,—,—,—,—
676,COMMON,0x4c87da04887a1f9f21f777e3a8dd55c3c9f84701,BASE,—,—,—,—,—,—,87.33624455,—,—,—,—,—,—,87.33624455,—,—,—,—,—,—
677,RVV,0x80563fc2dd549bf36f82d3bf3b970bb5b08dbddb,BEP20,—,—,—,—,—,—,17.54303893,—,—,—,—,—,—,17.54303893,—,—,—,—,—,—
679,CARV,0xc08cd26474722ce93f4d0c34d16201461c10aa8c,BASE,—,—,—,—,—,0.64977258,0.64977258,—,—,0.64977258,3.5,—,—,0.64977258,3.5,—,—,—,—,—
680,GRASS,Grass7B4RdKfBCjTKgSqnXkqjwiGvQyFbuSCUJr3XXjs,SOL,—,—,—,—,—,2.80504909,2.80504909,—,—,2.80504909,5.123,—,—,2.80504909,5.123,—,—,—,—,—
682,X,EQB4zZusHsbU2vVTPqjhlokIOoiZhEdCMT703CWEzhTOo__X,TON,—,—,—,—,—,—,15634.77173234,—,—,—,—,—,—,15634.77173234,—,—,—,—,—,—
684,ZRC,0xfd418e42783382e86ae91e445406600ba144d162,ZRC,—,—,—,—,—,—,219.61932651,—,—,—,—,—,—,219.61932651,—,—,—,—,—,—
685,BAN,9PR7nCP9DpcUotnDPVLUBUZKu5WAYkwrCUx9wDnSpump,SOL,—,—,—,—,—,14.19244962,14.19244962,—,—,14.19244962,27.3633,—,—,14.19244962,27.3633,—,—,—,—,—
688,FARTCOIN,9BB6NFEcjBCtnNLFko2FqVQBq8HHM13kCyYcdQbgpump,SOL,—,—,—,—,—,2.76548673,2.76548673,—,—,2.76548673,5.2403,—,—,2.76548673,5.2403,—,—,—,—,—
689,CHILLGUY,Df6yfrKC8kZE3KNkrHERKzAetSxbrWeniQfyJY4Jpump,SOL,—,—,—,—,—,37.36920778,37.36920778,—,—,37.36920778,71.8915,—,—,37.36920778,71.8915,—,—,—,—,—
690,CLANKER,0x1bc0c42215582d5a085795f4badbac3ff36d1bcb,BASE,—,—,—,—,—,—,0.00776097,—,—,—,—,—,—,0.00776097,—,—,—,—,—,—
693,HYPE,HYPE:0x0d01dc56dcaaca66ad901c959b4011ec,HYPE,—,—,—,—,—,—,0.04136505,—,—,—,—,—,—,0.04136505,—,—,—,—,—,—
695,MAVIA,0x24fcfc492c1393274b6bcd568ac9e225bec93584,BASE,—,—,—,—,—,—,0.88230105,—,—,—,—,—,—,0.88230105,—,—,—,—,—,—
696,HTX,TUPM7K8REVzD2UdV4R5fe5M8XbnR2DdoJ6,TRC20,—,—,—,—,—,540540.54055,540540.54055,—,—,540540.54055,268234.08,—,—,540540.54055,268234.08,—,—,—,—,—
699,ALCH,HNg5PYJmtqcmzXrv6S9zP1CDKk5BgDuyFBxbvNApump,SOL,—,—,—,—,—,13.59619307,—,—,—,13.59619307,—,—,—,—,—,—,—,—,—,—
700,KOMA,0xd5eaaac47bd1993d661bc087e15dfb079a7f3c19,BEP20,—,—,—,—,—,—,8.46501129,—,—,—,—,—,—,8.46501129,—,—,—,—,—,—
708,BRETT,0x532f27101965dd16442e59d40670faf5ebb142e4,BASE,—,—,—,—,—,—,3.5248502,—,—,—,—,—,—,3.5248502,—,—,—,—,—,—
712,SLERF,9999FVbjHioTcoJpoBiSjpxHW6xEn3witVuXKqBh2RFQ,SOL,—,—,—,—,—,81.30081301,81.30081301,—,—,81.30081301,160.0752,—,—,81.30081301,160.0752,—,—,—,—,—
715,AURORA,0x8bec47865ade3b172a928df8f990bc7f2a3b9f79,AURORA,—,—,—,—,—,—,42.04625088,—,—,—,—,—,—,42.04625088,—,—,—,—,—,—
717,HNT,hntyVP6YFm1Hg25TN9WGLqM12b8TQmcknKrdu1oxWux,SOL,—,—,—,—,—,—,0.42881647,—,—,—,—,—,—,0.42881647,—,—,—,—,—,—
726,GRIFFAIN,KENJSUYLASHUMfHyy5o4Hp2FdNqZg1AsUPhfH2kYvEP,SOL,—,—,—,—,—,51.54639176,51.54639176,—,—,51.54639176,97.9522,—,—,51.54639176,97.9522,—,—,—,—,—
727,ARC,61V8vBaqAGMpgDQi4JcAwo1dmBGHsyhzodcPqnEVpump,SOL,—,—,—,—,—,78.125,78.125,—,—,78.125,142.7915,—,—,78.125,142.7915,—,—,—,—,—
730,FLOCK,0x5ab3d4c385b400f3abb49e80de2faf6a88a7b691,BASE,—,—,—,—,—,—,4.48430494,—,—,—,—,—,—,4.48430494,—,—,—,—,—,—
731,AI16Z,HeLp6NuQkmYB4pYWo2zYs22mESHXPQYzXbB8n4V98jwC,SOL,—,—,—,—,—,16.01281025,16.01281025,—,—,16.01281025,30.1069,—,—,16.01281025,30.1069,—,—,—,—,—
732,SWARMS,74SBV4zDXxTRgv1pEMoECskKBkZHc2yGPnc7GYVepump,SOL,—,—,—,—,—,69.58942241,69.58942241,—,—,69.58942241,126.6098,—,—,69.58942241,126.6098,—,—,—,—,—
733,ZEREBRO,8x5VqbHA8D7NkD52uNuS5nnt3PwA8pLD34ymskeSo2Wn,SOL,—,—,—,—,—,30.15681545,30.15681545,—,—,30.15681545,59.273,—,—,30.15681545,59.273,—,—,—,—,—
734,AVAAI,DKu9kykSfbN5LBfFXtNNDPaX35o4Fv6vJ9FKk7pZpump,SOL,—,—,—,—,—,74.07407408,74.07407408,—,—,74.07407408,139.1982,—,—,74.07407408,139.1982,—,—,—,—,—
735,XTER,0x103071da56e7cd95b415320760d6a0ddc4da1ca5,BEP20,—,—,—,—,—,—,2.39120039,—,—,—,—,—,—,2.39120039,—,—,—,—,—,—
736,PIPPIN,Dfh5DzRgSvvCFDoYc2ciTkMrbDfRKybA4SoFbPmApump,SOL,—,—,—,—,—,55.46311703,—,—,—,55.46311703,—,—,—,—,—,—,—,—,—,—
739,MELANIA,FUAfBo2jgks6gB4Z4LfZkqSZgzNucisEHqnNebaRxM1P,SOL,—,—,—,—,—,7.518797,7.518797,—,—,7.518797,16.0143,—,—,7.518797,16.0143,—,—,—,—,—
741,JELLYJELLY,FeR8VBqNRSUD5NtXAj2n3j1dAHkZHfyDktKuLXD4pump,SOL,—,—,—,—,—,—,7.56143668,—,—,—,—,—,—,7.56143668,—,—,—,—,—,—
747,AERO,0x940181a94a35a4569e4529a3cdfb74e38fd98631,BASE,—,—,—,—,—,—,0.09537,—,—,—,—,—,—,0.09537,—,—,—,—,—,—
748,ROAM,RoamA1USA8xjvpTJZ6RvvxyDRzNh6GCA1zVGKSiMVkn,SOL,—,—,—,—,—,—,12.28501229,—,—,—,—,—,—,12.28501229,—,—,—,—,—,—
753,MERL,0x5c46bff4b38dc1eae09c5bac65872a1d8bc87378,MERLIN,—,—,—,—,—,—,10.18568,—,—,—,—,—,—,10.18568,—,—,—,—,—,—
755,AITECH,0x2d060ef4d6bf7f9e5edde373ab735513c0e4f944,BEP20,—,—,—,—,—,—,6.60211268,—,—,—,—,—,—,6.60211268,—,—,—,—,—,—
756,GOMINING,0x7ddc52c4de30e94be3a6a0a2b259b2850f421989,BEP20,—,—,—,—,—,0.36665852,0.36665852,—,—,0.36665852,9.8858776,—,—,0.36665852,9.8858776,—,—,—,—,—
768,BR,0xff7d6a96ae471bbcd7713af9cb1feeb16cf56b41,BEP20,—,—,—,—,—,—,2.04918033,—,—,—,—,—,—,2.04918033,—,—,—,—,—,—
769,SIREN,0x997a58129890bbda032231a52ed1ddc845fc18e1,BEP20,—,—,—,—,—,—,0.15,—,—,—,—,—,—,0.15,—,—,—,—,—,—
772,KILO,0x503fa24b7972677f00c4618e5fbe237780c1df53,BEP20,—,—,—,—,—,—,7.25303419,—,—,—,—,—,—,7.25303419,—,—,—,—,—,—
776,RFC,C3DwDjT17gDvvCYC2nsdGHxDHVmQRdhKfpAdqQ29pump,SOL,—,—,—,—,—,—,413.90728477,—,—,—,—,—,—,413.90728477,—,—,—,—,—,—
778,EPT,0x3dc8e2d80b6215a1bccae4d38715c3520581e77c,BEP20,—,—,—,—,—,—,38.32396526,—,—,—,—,—,—,38.32396526,—,—,—,—,—,—
781,ZORA,0x1111111111166b7fe7bd91427724b487980afc69,BASE,—,—,—,—,—,—,12.80327764,—,—,—,—,—,—,12.80327764,—,—,—,—,—,—
782,B2,0x783c3f003f172c6ac5ac700218a357d2d66ee2a2,BEP20,—,—,—,—,—,—,0.13562633,—,—,—,—,—,—,0.13562633,—,—,—,—,—,—
783,HOUSE,DitHyRMQiSDhn5cnKMJV2CDDt6sVct96YrECiM49pump,SOL,—,—,—,—,—,180.50541517,180.50541517,—,—,180.50541517,324.7597,—,—,180.50541517,324.7597,—,—,—,—,—
786,GORK,38PgzpJYu2HkiYvV8qePFakB8tuobPdGm2FFEn7Dpump,SOL,—,—,—,—,—,568.82821388,568.82821388,—,—,568.82821388,824.5749,—,—,568.82821388,824.5749,—,—,—,—,—
788,PRAI,0x899357e54c2c4b014ea50a9a7bf140ba6df2ec73,BEP20,—,—,—,—,—,—,8.79765396,—,—,—,—,—,—,8.79765396,—,—,—,—,—,—
789,SKYAI,0x92aa03137385f18539301349dcfc9ebc923ffb10,BEP20,—,—,—,—,—,7.01918578,—,—,—,7.01918578,—,—,—,—,—,—,—,—,—,—
790,SOON,0xb9e1fd5a02d3a33b25a14d661414e6ed6954a721,BEP20,—,—,—,—,—,1.2966805,0.19450208,—,—,1.2966805,2.6443,—,—,0.19450208,2.6443,—,—,—,—,—
795,SKATE,0x61dbbbb552dc893ab3aad09f289f811e67cef285,ArbitrumOne,—,—,—,—,—,—,5.56947926,—,—,—,—,—,—,5.56947926,—,—,—,—,—,—
796,CUDIS,CudisfkgWvMKnZ3TWf6iCuHm8pN2ikXhDcWytwz6f6RN,SOL,—,—,—,—,—,21.94426158,—,—,—,21.94426158,—,—,—,—,—,—,—,—,—,—
799,DRIFT,DriFtupJYLTosbwoN8koMbEYSx54aFAVLddWsbksjwg7,SOL,—,—,—,—,—,2.450981,2.450981,—,—,2.450981,4.7311,—,—,2.450981,4.7311,—,—,—,—,—
803,ZKL,0xc967dabf591b1f4b86cfc74996ead065867af19e,ZKLINK,—,—,—,—,—,—,123.15270936,—,—,—,—,—,—,123.15270936,—,—,—,—,—,—
804,TAIKO,0xa9d23408b9ba935c230493c40c73824df71a0975,TAIKO,—,—,—,—,—,—,0.3990423,—,—,—,—,—,—,0.3990423,—,—,—,—,—,—
809,ULTI,0x0e7779e698052f8fe56c415c3818fcf89de9ac6d,BEP20,—,—,—,—,—,—,142.31499052,—,—,—,—,—,—,142.31499052,—,—,—,—,—,—
812,NAKA,0x311434160d7537be358930def317afb606c0d737,Polygon,—,—,—,—,—,—,5.57104,—,—,—,—,—,—,5.57104,—,—,—,—,—,—
815,BLAST,0xb1a5700fa2358173fe465e6ea4ff52e36e88e2ad,Blast,—,—,—,—,—,—,72.3065799,—,—,—,—,—,—,72.3065799,—,—,—,—,—,—
817,MYRO,HhJpBhRRn4g56VsyLuT8DL5Bv31HkXqsrahTTUCZeZg4,SOL,—,—,—,—,—,56.40157925,56.40157925,—,—,56.40157925,104.3816,—,—,56.40157925,104.3816,—,—,—,—,—
822,MBX,0xd068c52d81f4409b9502da926ace3301cc41f623,Kaia,—,—,—,—,—,9.81354269,—,—,—,9.81354269,—,—,—,—,—,—,—,—,—,—
824,XCN,0x7324c7c0d95cebc73eea7e85cbaac0dbdf88a05b,BEP20,—,—,—,—,—,—,17.37116387,—,—,—,—,—,—,17.37116387,—,—,—,—,—,—
832,MORE,0xfe723495f73714426493384eb5e49aa5b827e1d5,BEP20,—,—,—,—,—,—,13.8121547,—,—,—,—,—,—,13.8121547,—,—,—,—,—,—
835,CESS,0x0c78d4605c2972e5f989de9019de1fb00c5d3462,BEP20,—,—,—,—,—,—,40.10695188,—,—,—,—,—,—,40.10695188,—,—,—,—,—,—
836,MAT,0x44a83a012b926853dfc1bbe2ec5bef37126067e8,Matchain,—,—,—,—,—,—,2.75035067,—,—,—,—,—,—,2.75035067,—,—,—,—,—,—
837,BLUM,EQCAj5oiRRrXokYsg_B-e0KG9xMwh5upr5I8HQzErm0_BLUM,TON,—,—,—,—,—,14.20858199,14.20858199,—,—,14.20858199,7.5,—,—,14.20858199,7.5,—,—,—,—,—
838,AIN,0x9558a9254890b2a8b057a789f413631b9084f4a3,BEP20,—,—,—,—,—,—,1.15640805,—,—,—,—,—,—,1.15640805,—,—,—,—,—,—
839,ICNT,0xe0cd4cacddcbf4f36e845407ce53e87717b6601d,BASE,—,—,—,—,—,—,0.53879311,—,—,—,—,—,—,0.53879311,—,—,—,—,—,—
840,CROSS,0x6bf62ca91e397b5a7d1d6bce97d9092065d7a510,BEP20,—,—,—,—,—,—,1.1471398,—,—,—,—,—,—,1.1471398,—,—,—,—,—,—
841,FRAG,FRAGMEWj2z65qM62zqKhNtwNFskdfKs4ekDUDX3b4VD5,SOL,—,—,—,—,—,79.2393027,79.2393027,—,—,79.2393027,151.3984,—,—,79.2393027,151.3984,—,—,—,—,—
843,RCADE,0x077574441c4f8763a37a2cfee2ecb444aa60a15e,ArbitrumOne,—,—,—,—,—,—,787.40157481,—,—,—,—,—,—,787.40157481,—,—,—,—,—,—
845,BOOM,0xce7c3b5e058c196a0eaaa21f8e4bf8c2c07c2935,BEP20,—,—,—,—,—,—,5.54323726,—,—,—,—,—,—,5.54323726,—,—,—,—,—,—
846,VELVET,0x8b194370825e37b33373e74a41009161808c1488,BEP20,—,—,—,—,—,—,0.76231133,—,—,—,—,—,—,0.76231133,—,—,—,—,—,—
847,A47,CN162nCPpq3DxPCyKLbAvEJeB1aCxsnVTEG4ZU8vpump,SOL,—,—,—,—,—,—,53.873506,—,—,—,—,—,—,53.873506,—,—,—,—,—,—
849,ES,GnBAskb2SQjrLgpTjtgatz4hEugUsYV7XrWU1idV3oqW,Eclipse,—,—,—,—,—,—,2.770084,—,—,—,—,—,—,2.770084,—,—,—,—,—,—
851,EGL1,0xf4b385849f2e817e92bffbfb9aeb48f950ff4444,BEP20,—,—,—,—,—,—,4.6875,—,—,—,—,—,—,4.6875,—,—,—,—,—,—
852,ZKWASM,0xa8d3dee6671c4fdac4743a1eb1f276eabd4ba302,BEP20,—,—,—,—,—,—,2.69929819,—,—,—,—,—,—,2.69929819,—,—,—,—,—,—
860,UNITE,0xa6c6ea2e0140849be02a3a34780cf61b766916c5,BASE,—,—,—,—,—,—,3269.04217065,—,—,—,—,—,—,3269.04217065,—,—,—,—,—,—
861,SUP,0x19ed254efa5e061d28d84650891a3db2a9940c16,BEP20,—,—,—,—,—,—,1.62884136,—,—,—,—,—,—,1.62884136,—,—,—,—,—,—
862,AIO,0x81a7da4074b8e0ed51bea40f9dcbdf4d9d4832b4,BEP20,—,—,—,—,—,—,0.9229463,—,—,—,—,—,—,0.9229463,—,—,—,—,—,—
863,CYC,0x5845684b49aef79a5c0f887f50401c247dca7ac6,BEP20,—,—,—,—,—,—,5.72759556,—,—,—,—,—,—,5.72759556,—,—,—,—,—,—
865,PUBLIC,token.publicailab.near,NEARProtocol,—,—,—,—,—,—,0.35637919,—,—,—,—,—,—,0.35637919,—,—,—,—,—,—
866,WAI,0x1e3dbc0aad9671fdd31e58b2fcc6cf1ca9947994,BEP20,—,—,—,—,—,—,2.48632522,—,—,—,—,—,—,2.48632522,—,—,—,—,—,—
871,YZY,DrZ26cKJDksVRWib3DVVsjo9eeXccc7hKhDJviiYEEZY,SOL,—,—,—,—,—,—,2.617802,—,—,—,—,—,—,2.617802,—,—,—,—,—,—
872,SAPIEN,0xc729777d0470f30612b1564fd96e8dd26f5814e3,BASE,—,—,—,—,—,—,0.634035,—,—,—,—,—,—,0.634035,—,—,—,—,—,—
873,ARIA,0x5d3a12c42e5372b2cc3264ab3cdcf660a1555238,BEP20,—,—,—,—,—,—,0.85655551,—,—,—,—,—,—,0.85655551,—,—,—,—,—,—
878,FET,0xaea46a60368a7bd060eec7df8cba43b7ef41ad85,fet,—,—,—,—,—,—,—,—,—,—,15.469268,—,—,—,15.469268,—,—,—,—,—
880,ANKR,0x8290333cef9e6d528dd5618fb97a76f268f3edd4,ankr,—,—,—,—,—,—,—,—,—,—,397.44047,—,—,—,397.44047,—,—,—,—,—
884,TT,TT_tt,tt,—,—,—,—,—,—,—,—,—,—,10.0,—,—,—,10.0,—,—,—,—,—
886,CHR,0x8a2279d4a90b6fe1c4b30fa660cc9f926797baa2,chr1,—,—,—,—,—,—,—,—,—,—,54.029053,—,—,—,54.029053,—,—,—,—,—
889,XTZ,XTZ_xtz,xtz,—,—,—,—,—,—,—,—,—,—,0.1,—,—,—,0.1,—,—,—,—,—
891,ALGO,ALGO_algo,algo,—,—,—,—,—,—,—,—,—,—,0.01,—,—,—,0.01,—,—,—,—,—
892,ADA,ADA_ada,ada,—,—,—,—,—,—,—,—,—,—,1.0,—,—,—,1.0,—,—,—,—,—
895,ARPA,0xba50933c268f567bdc86e1ac131be072c6b0b71a,arpa,—,—,—,—,—,—,—,—,—,—,214.5959,—,—,—,214.5959,—,—,—,—,—
908,SYLO,0xf293d23bf2cdc05411ca0eddd588eb1977e8dcd4,sylo,—,—,—,—,—,—,—,—,—,—,45030.355,—,—,—,45030.355,—,—,—,—,—
910,DOT,DOT_dot,dot,—,—,—,—,—,—,—,—,—,—,0.1,—,—,—,0.1,—,—,—,—,—
913,SUKU,0x0763fdccf1ae541a5961815c0872a8c5bc6de4d7,suku,—,—,—,—,—,—,—,—,—,—,332.1829,—,—,—,332.1829,—,—,—,—,—
915,DIA,0x84ca8bc7997272c7cfb4d0cd3d55cd942b3c9419,dia,—,—,—,—,—,—,—,—,—,—,6.7819012,—,—,—,6.7819012,—,—,—,—,—
918,VELO,0xf486ad071f3bee968384d2e39e2d8af0fcf6fd46,BEP20,—,—,—,—,—,17.48455531,—,—,—,17.48455531,0.5,—,—,—,0.5,—,—,—,—,—
919,FIL,FIL_fil,fil,—,—,—,—,—,—,—,—,—,—,0.001,—,—,—,0.001,—,—,—,—,—
926,BTC,0x2260fac5e5542a773aa44fbcfedf7c193bc2c599,wbtc,—,—,—,—,—,—,—,—,—,—,0.0001,—,—,—,0.0001,—,—,—,—,—
933,KLV,TVj7RNVHy6thbM7BWdSe9G6gXwKhjhdNZS,klv,—,—,—,—,—,—,—,—,—,—,216.5276,—,—,—,216.5276,—,—,—,—,—
936,DOGE,DOGE_doge,doge,—,—,—,—,—,—,—,—,—,—,5.0,—,—,—,5.0,—,—,—,—,—
939,AVAX,AVAX_avax,avax,—,—,—,—,—,—,—,—,—,—,0.06,—,—,—,0.06,—,—,—,—,—
947,DODO,0x43dfc4159d86f3a37a5a4b3d4580b888ad7d4ddd,dodo,—,—,—,—,—,—,—,—,—,—,124.4082,—,—,—,124.4082,—,—,—,—,—
948,PUNDIX,0x0fd10b9899882a6f2fcb5c371e17e70fdee00c38,pundix,—,—,—,—,—,—,—,—,—,—,37.159991,—,—,—,37.159991,—,—,—,—,—
951,FORTH,0x77fba179c79de5b7653f68b5039af940ada60ce0,forth,—,—,—,—,—,—,—,—,—,—,1.7438065,—,—,—,1.7438065,—,—,—,—,—
955,XDC,XDC_xdc,xdc,—,—,—,—,—,—,—,—,—,—,0.01,—,—,—,0.01,—,—,—,—,—
959,ICP,ICP_icp,icp,—,—,—,—,—,—,—,—,—,—,0.0003,—,—,—,0.0003,—,—,—,—,—
960,CELO,CELO_celo,celo,—,—,—,—,—,—,—,—,—,—,0.002,—,—,—,0.002,—,—,—,—,—
961,OGN,0x8207c1ffc5b6804f6024322ccf34f29c3541ae26,ogn,—,—,—,—,—,—,—,—,—,—,255.06142,—,—,—,255.06142,—,—,—,—,—
979,ZCX,0xc52c326331e9ce41f04484d3b5e5648158028804,zcx1,—,—,—,—,—,—,—,—,—,—,316.16812,—,—,—,316.16812,—,—,—,—,—
985,NEAR,NEAR_near,near,—,—,—,—,—,—,—,—,—,—,0.01,—,—,—,0.01,—,—,—,—,—
990,SOL,SOL_sol,sol,—,—,—,—,—,—,—,—,—,—,0.01,—,—,—,0.01,—,—,—,—,—
991,XCH,XCH_xch,xch,—,—,—,—,—,—,—,—,—,—,0.0005,—,—,—,0.0005,—,—,—,—,—
993,MOVR,MOVR_movr,movr,—,—,—,—,—,—,—,—,—,—,0.01,—,—,—,0.01,—,—,—,—,—
995,OXT,0x4575f41308ec1483f3d399aa9a2826d74da13deb,oxt,—,—,—,—,—,—,—,—,—,—,101.38713,—,—,—,101.38713,—,—,—,—,—
1001,RLC,0x607f4c5bb672230e8672085532f7e901544a7375,rlc,—,—,—,—,—,—,—,—,—,—,4.6512216,—,—,—,4.6512216,—,—,—,—,—
1002,HBAR,HBAR_hbar,hbar,—,—,—,—,—,—,—,—,—,—,1.0,—,—,—,1.0,—,—,—,—,—
1003,XPRT,XPRT_xprt,xprt,—,—,—,—,—,—,—,—,—,—,0.1,—,—,—,0.1,—,—,—,—,—
1004,EGLD,EGLD_egld,egld,—,—,—,—,—,—,—,—,—,—,0.002,—,—,—,0.002,—,—,—,—,—
1008,NKN,0x5cf04716ba20127f1e2297addcf4b5035000c9eb,nkn,—,—,—,—,—,—,—,—,—,—,210.7963,—,—,—,210.7963,—,—,—,—,—
1017,FTT,0x50d1c9771902476076ecfc8b2a83ad6b9355a4c9,ftt,—,—,—,—,—,—,—,—,—,—,4.7740268,—,—,—,4.7740268,—,—,—,—,—
1025,PUSH,0xf418588522d5dd018b425e472991e52ebbeeeeee,push,—,—,—,—,—,—,—,—,—,—,147.44172,—,—,—,147.44172,—,—,—,—,—
1031,AR,AR_ar,ar,—,—,—,—,—,—,—,—,—,—,0.025,—,—,—,0.025,—,—,—,—,—
1043,CERE,0x2da719db753dfa10a62e140f436e1d67f2ddb0d6,cere,—,—,—,—,—,—,—,—,—,—,5371.9685,—,—,—,5371.9685,—,—,—,—,—
1046,AUDIO,0x18aaa7115705e8be94bffebde57af9bfc265b998,audio,—,—,—,—,—,—,—,—,—,—,99.919296,—,—,—,99.919296,—,—,—,—,—
1056,LIKE,3bRTivrVsitbmCTGtqwp7hxXPsybkjn4XLNtPsHqa3zR,like,—,—,—,—,—,—,—,—,—,—,326.9545,—,—,—,326.9545,—,—,—,—,—
1058,VR,0x7d5121505149065b562c789a0145ed750e6e8cdd,vr,—,—,—,—,—,—,—,—,—,—,838.03892,—,—,—,838.03892,—,—,—,—,—
1065,KAIA,KAIA_klay,klay,—,—,—,—,—,—,—,—,—,—,0.03,—,—,—,0.03,—,—,—,—,—
1075,GLMR,GLMR_glmr,glmr,—,—,—,—,—,—,—,—,—,—,0.5,—,—,—,0.5,—,—,—,—,—
1077,ASTR,ASTR_astr,astr,—,—,—,—,—,—,—,—,—,—,4.0,—,—,—,4.0,—,—,—,—,—
1079,AMP,0xff20817765cb7f73d4bde2e66e067e58d11095c2,amp,—,—,—,—,—,—,—,—,—,—,1529.6067,—,—,—,1529.6067,—,—,—,—,—
1082,METIS,0x9e32b13ce7f2e80a01932b42553652e053d6ed8e,metis,—,—,—,—,—,—,—,—,—,—,0.40813519,—,—,—,0.40813519,—,—,—,—,—
1083,STG,0xaf5191b0de278c7286d6c7cc6ab6bb8a73ba2cd6,stg,—,—,—,—,—,—,—,—,—,—,24.573371,—,—,—,24.573371,—,—,—,—,—
1090,SPA,0xb4a3b0faf0ab53df58001804dda5bfc6a3d59008,spa2,—,—,—,—,—,—,—,—,—,—,526.1033,—,—,—,526.1033,—,—,—,—,—
1095,BRISE,BRISE_brise,brise,—,—,—,—,—,—,—,—,—,—,400000.0,—,—,—,400000.0,—,—,—,—,—
1099,BSW,0x965f527d9159dce6288a2219db51fc6eef120dd1,bsw,—,—,—,—,—,—,—,—,—,—,86.094123,—,—,—,86.094123,—,—,—,—,—
1100,BOBA,0x42bbfa2e77757c645eeaad1655e0911a7553efbc,boba,—,—,—,—,—,—,—,—,—,—,61.737938,—,—,—,61.737938,—,—,—,—,—
1103,DUSK,0x940a2db1b7008b6c776d4faaca729d6d4a4aa551,dusk,—,—,—,—,—,—,—,—,—,—,88.641074,—,—,—,88.641074,—,—,—,—,—
1105,USDD,TXDk8mbtRbXeYuMNS83CfKPaYYT8XWv9Hz,trc20usdd,—,—,—,—,—,—,—,—,—,—,0.5,—,—,—,0.5,—,—,—,—,—
1113,USDP,0x8e870d67f660d95d5be530380d0ec0bd388289e1,pax,—,—,—,—,—,—,—,—,—,—,4.025122,—,—,—,4.025122,—,—,—,—,—
1114,WELL,0x511ab53f793683763e5a8829738301368a2411e3,well,—,—,—,—,—,—,—,—,—,—,4.0,—,—,—,4.0,—,—,—,—,—
1115,CSPR,CSPR_cspr,cspr,—,—,—,—,—,—,—,—,—,—,5.0,—,—,—,5.0,—,—,—,—,—
1120,RVN,RVN_rvn,rvn,—,—,—,—,—,—,—,—,—,—,1.0,—,—,—,1.0,—,—,—,—,—
1122,MPLX,METAewgxyPbgwsseH8T16a39CQ5VyVxZi9zXiDPY18m,mplx,—,—,—,—,—,—,—,—,—,—,8.7648,—,—,—,8.7648,—,—,—,—,—
1123,ETHW,ETHW_ethw,ethw,—,—,—,—,—,—,—,—,—,—,0.002,—,—,—,0.002,—,—,—,—,—
1127,EUL,0xd9fcd98c322942075a5c3860693e9f4f03aae07b,eul,—,—,—,—,—,—,—,—,—,—,0.46270565,—,—,—,0.46270565,—,—,—,—,—
1128,TON,TON_ton,ton,—,—,—,—,—,—,—,—,—,—,0.01,—,—,—,0.01,—,—,—,—,—
1130,HFT,0xb3999f658c0391d94a37f7ff328f3fec942bcadc,hft,—,—,—,—,—,—,—,—,—,—,81.571886,—,—,—,81.571886,—,—,—,—,—
1133,OAS,OAS_oas,oas,—,—,—,—,—,—,—,—,—,—,0.001,—,—,—,0.001,—,—,—,—,—
1141,ACS,5MAYDfq5yxtudAhtfyuMBuHZjgAbaS9tbEyEQYAhDS5y,acs,—,—,—,—,—,—,—,—,—,—,3295.5906,—,—,—,3295.5906,—,—,—,—,—
1142,CSIX,0x04756126f044634c9a0f0e985e60c88a51acc206,csix,—,—,—,—,—,—,—,—,—,—,311.89521,—,—,—,311.89521,—,—,—,—,—
1147,MINA,MINA_mina,mina,—,—,—,—,—,—,—,—,—,—,3.0,—,—,—,3.0,—,—,—,—,—
1167,SUI,SUI_sui,sui,—,—,—,—,—,—,—,—,—,—,0.03,—,—,—,0.03,—,—,—,—,—
1192,PYUSD,0x6c3ea9036406852006290770bedfcaba0e23a0e8,pyusd,—,—,—,—,—,—,—,—,—,—,4.022468,—,—,—,4.022468,—,—,—,—,—
1199,TIA,TIA_tia,tia,—,—,—,—,—,—,—,—,—,—,0.1,—,—,—,0.1,—,—,—,—,—
1207,RATS,rats,rats,—,—,—,—,—,—,—,—,—,—,885678.21,—,—,—,885678.21,—,—,—,—,—
1222,MNDE,MNDEFzGvMt87ueuHvVU9VcTqsAP5b3fTGPsHuuPA5ey,mnde,—,—,—,—,—,—,—,—,—,—,17.7381,—,—,—,17.7381,—,—,—,—,—
1235,ZETA,ZETA_zeta,zeta,—,—,—,—,—,—,—,—,—,—,0.01,—,—,—,0.01,—,—,—,—,—
1249,SCA,0x7016aae72cfc67f2fadf55769c0a7dd54291a583b63051a5ed71081cce836ac6::sca::SCA,sca,—,—,—,—,—,—,—,—,—,—,0.45,—,—,—,0.45,—,—,—,—,—
1263,MASA,0x944824290cc12f31ae18ef51216a223ba4063092,erc20masa,—,—,—,—,—,—,—,—,—,—,722.19713,—,—,—,722.19713,—,—,—,—,—
1265,MAPO,MAPO_mapo,mapo,—,—,—,—,—,—,—,—,—,—,17.0,—,—,—,17.0,—,—,—,—,—
1273,MANEKI,25hAyBQfoDhfWx9ay6rarbgvWGwDdNqcHsXS3jQ3mTDJ,maneki,—,—,—,—,—,—,—,—,—,—,2157.7784,—,—,—,2157.7784,—,—,—,—,—
1276,BB,BB_bb,bb,—,—,—,—,—,—,—,—,—,—,0.01,—,—,—,0.01,—,—,—,—,—
1287,SLF,SLF_slf,slf,—,—,—,—,—,—,—,—,—,—,0.003,—,—,—,0.003,—,—,—,—,—
1298,AVAIL,AVAIL_avail,avail,—,—,—,—,—,—,—,—,—,—,0.13,—,—,—,0.13,—,—,—,—,—
1303,POPCAT,7GCihgDB8fe6KNjn2MYtkzZcRjQy3t9GHdC8uHYmW2hr,popcat,—,—,—,—,—,—,—,—,—,—,12.9776,—,—,—,12.9776,—,—,—,—,—
1315,HIPPO,0x8993129d72e733985f7f1a00396cbd055bad6f817fee36576ce483c8bbb8b87b::sudeng::SUDENG,hippo,—,—,—,—,—,—,—,—,—,—,5.0,—,—,—,5.0,—,—,—,—,—
1333,MICHI,5mbK36SZ7J19An8jFochhQS4of8g6BwUjbeCSxBSoWdp,michi,—,—,—,—,—,—,—,—,—,—,172.4079,—,—,—,172.4079,—,—,—,—,—
1337,RIF,GJtJuWD9qYcCkrwMBmtY1tpapV1sKfB2zUv9Q4aqpump,rif,—,—,—,—,—,—,—,—,—,—,2139.1663,—,—,—,2139.1663,—,—,—,—,—
1363,BLUE,0xe1b45a0e641b9955a20aa0ad1c1f4ad86aad8afb07296d4085e349a50e90bdca::blue::BLUE,blue1,—,—,—,—,—,—,—,—,—,—,0.61,—,—,—,0.61,—,—,—,—,—
1377,FB,FB_fb,fb,—,—,—,—,—,—,—,—,—,—,0.0001,—,—,—,0.0001,—,—,—,—,—
1392,RONIN,RONIN_ronin,ronin,—,—,—,—,—,—,—,—,—,—,0.001,—,—,—,0.001,—,—,—,—,—
1397,S,S_sonic,sonic,—,—,—,—,—,—,—,—,—,—,0.001,—,—,—,0.001,—,—,—,—,—
1406,BERA,BERA_bera,bera,—,—,—,—,—,—,—,—,—,—,0.00084,—,—,—,0.00084,—,—,—,—,—
1408,BUZZ,9DHe3pycTuymFk4H4bbPoAJ4hQrr2kaLDF6J6aAKpump,buzz,—,—,—,—,—,—,—,—,—,—,502.8005,—,—,—,502.8005,—,—,—,—,—
1409,GRIFT,GekTNfm84QfyP2GdAHZ5AgACBRd69aNmgA5FDhZupump,grift,—,—,—,—,—,—,—,—,—,—,1649.1198,—,—,—,1649.1198,—,—,—,—,—
1430,NIL,NIL_nil,nil,—,—,—,—,—,—,—,—,—,—,0.01,—,—,—,0.01,—,—,—,—,—
1438,DARK,8BtoThi2ZoXnF7QQK1Wjmh2JuBw9FjVvhnGMVZ2vpump,dark,—,—,—,—,—,—,—,—,—,—,258.918,—,—,—,258.918,—,—,—,—,—
1456,PROPY,0x226bb599a12c826476e3a771454697ea52e9e220,pro,—,—,—,—,—,—,—,—,—,—,6.610738,—,—,—,6.610738,—,—,—,—,—
1468,DELOREAN,0x4c981f3ff786cdb9e514da897ab8a953647dae2ace9679e8358eec1e3e8871ac::dmc::DMC,delorean,—,—,—,—,—,—,—,—,—,—,6.5,—,—,—,6.5,—,—,—,—,—
1476,VSN,0x699ccf919c1dfdfa4c374292f42cadc9899bf753,vsn,—,—,—,—,—,—,—,—,—,—,35.479258,—,—,—,35.479258,—,—,—,—,—
1527,BARD,0xf0db65d17e30a966c2ae6a21f6bba71cea6e9754,bard,—,—,—,—,—,—,—,—,—,—,6.2329138,—,—,—,6.2329138,—,—,—,—,—
1528,0G,0G_0g,0g,—,—,—,—,—,—,—,—,—,—,0.001,—,—,—,0.001,—,—,—,—,—
1558,PING,0xd85c31854c2b0fb40aaa9e2fc4da23c21f829d46,ping,—,—,—,—,—,—,—,—,—,—,191.4902,—,—,—,191.4902,—,—,—,—,—
1564,VSYS,VSYS_vsys,vsys,—,—,—,—,—,—,—,—,—,—,1.0,—,—,—,1.0,—,—,—,—,—
1572,DCR,DCR_dcr,dcr,—,—,—,—,—,—,—,—,—,—,0.01,—,—,—,0.01,—,—,—,—,—
1574,DGB,DGB_dgb,dgb,—,—,—,—,—,—,—,—,—,—,0.2,—,—,—,0.2,—,—,—,—,—
1578,ETC,ETC_etc,etc,—,—,—,—,—,—,—,—,—,—,0.01,—,—,—,0.01,—,—,—,—,—
1581,IOTX,IOTX_iotx,iotx,—,—,—,—,—,—,—,—,—,—,0.1,—,—,—,0.1,—,—,—,—,—
1584,LTC,LTC_ltc,ltc,—,—,—,—,—,—,—,—,—,—,0.001,—,—,—,0.001,—,—,—,—,—
1586,OMG,0xd26114cd6ee289accf82350c8d8487fedb8a0c07,omg,—,—,—,—,—,—,—,—,—,—,95.090089,—,—,—,95.090089,—,—,—,—,—
1588,QTUM,QTUM_qtum,qtum,—,—,—,—,—,—,—,—,—,—,0.01,—,—,—,0.01,—,—,—,—,—
1589,REQ,0x8f8221afbb33998d8584a2b05749ba73c37a938a,req,—,—,—,—,—,—,—,—,—,—,99.439298,—,—,—,99.439298,—,—,—,—,—
1593,TRAC,0xaa7a9ca87d3694b5755f213b5d04094b8d0f0a6f,trac,—,—,—,—,—,—,—,—,—,—,5.5516716,—,—,—,5.5516716,—,—,—,—,—
1595,VET,VET_vet,vet,—,—,—,—,—,—,—,—,—,—,20.0,—,—,—,20.0,—,—,—,—,—
1596,WAN,WAN_wan,wan,—,—,—,—,—,—,—,—,—,—,0.1,—,—,—,0.1,—,—,—,—,—
1598,XRP,XRP_xrp,xrp,—,—,—,—,—,—,—,—,—,—,0.25,—,—,—,0.25,—,—,—,—,—
1599,XYO,0x55296f69f40ea6d20e478533c15a6b08b654e758,xyo,—,—,—,—,—,—,—,—,—,—,539.33199,—,—,—,539.33199,—,—,—,—,—
